Participante,TOTAL_PUNTOS,PUNTOS_FASE_DE_GRUPOS,PUNTOS_FASE_FINAL,PUNTOS_ESPECIALES,MexicoSudafrica_RTO,MexicoSudafrica_1X2,MexicoSudafrica_DOB,MexicoSudafrica_PTOS,CoreaIrlanda_RTO,CoreaIrlanda_1X2,CoreaIrlanda_DOB,CoreaIrlanda_PTOS,IrlandaSudafrica_RTO,IrlandaSudafrica_1X2,IrlandaSudafrica_DOB,IrlandaSudafrica_PTOS,MexicoCorea_RTO,MexicoCorea_1X2,MexicoCorea_DOB,MexicoCorea_PTOS,IrlandaMexico_RTO,IrlandaMexico_1X2,IrlandaMexico_DOB,IrlandaMexico_PTOS,SudafricaCorea_RTO,SudafricaCorea_1X2,SudafricaCorea_DOB,SudafricaCorea_PTOS,CanadaItalia_RTO,CanadaItalia_1X2,CanadaItalia_DOB,CanadaItalia_PTOS,QatarSuiza_RTO,QatarSuiza_1X2,QatarSuiza_DOB,QatarSuiza_PTOS,SuizaItalia_RTO,SuizaItalia_1X2,SuizaItalia_DOB,SuizaItalia_PTOS,CanadaQatar_RTO,CanadaQatar_1X2,CanadaQatar_DOB,CanadaQatar_PTOS,SuizaCanada_RTO,SuizaCanada_1X2,SuizaCanada_DOB,SuizaCanada_PTOS,ItaliaQatar_RTO,ItaliaQatar_1X2,ItaliaQatar_DOB,ItaliaQatar_PTOS,BrasilMarruecos_RTO,BrasilMarruecos_1X2,BrasilMarruecos_DOB,BrasilMarruecos_PTOS,HaitiEscocia_RTO,HaitiEscocia_1X2,HaitiEscocia_DOB,HaitiEscocia_PTOS,EscociaMarruecos_RTO,EscociaMarruecos_1X2,EscociaMarruecos_DOB,EscociaMarruecos_PTOS,BrasilHaiti_RTO,BrasilHaiti_1X2,BrasilHaiti_DOB,BrasilHaiti_PTOS,EscociaBrasil_RTO,EscociaBrasil_1X2,EscociaBrasil_DOB,EscociaBrasil_PTOS,MarruecosHaiti_RTO,MarruecosHaiti_1X2,MarruecosHaiti_DOB,MarruecosHaiti_PTOS,USAParaguay_RTO,USAParaguay_1X2,USAParaguay_DOB,USAParaguay_PTOS,AustraliaTurquia_RTO,AustraliaTurquia_1X2,AustraliaTurquia_DOB,AustraliaTurquia_PTOS,TurquiaParaguay_RTO,TurquiaParaguay_1X2,TurquiaParaguay_DOB,TurquiaParaguay_PTOS,USAAustralia_RTO,USAAustralia_1X2,USAAustralia_DOB,USAAustralia_PTOS,TurquiaUSA_RTO,TurquiaUSA_1X2,TurquiaUSA_DOB,TurquiaUSA_PTOS,ParaguayAustralia_RTO,ParaguayAustralia_1X2,ParaguayAustralia_DOB,ParaguayAustralia_PTOS,AlemaniaCurazao_RTO,AlemaniaCurazao_1X2,AlemaniaCurazao_DOB,AlemaniaCurazao_PTOS,CostaMarfilEcuador_RTO,CostaMarfilEcuador_1X2,CostaMarfilEcuador_DOB,CostaMarfilEcuador_PTOS,EcuadorCurazao_RTO,EcuadorCurazao_1X2,EcuadorCurazao_DOB,EcuadorCurazao_PTOS,AlemaniaCostaMarfil_RTO,AlemaniaCostaMarfil_1X2,AlemaniaCostaMarfil_DOB,AlemaniaCostaMarfil_PTOS,EcuadorAlemania_RTO,EcuadorAlemania_1X2,EcuadorAlemania_DOB,EcuadorAlemania_PTOS,CurazaoCostaMarfil_RTO,CurazaoCostaMarfil_1X2,CurazaoCostaMarfil_DOB,CurazaoCostaMarfil_PTOS,HolandaJapon_RTO,HolandaJapon_1X2,HolandaJapon_DOB,HolandaJapon_PTOS,SueciaTunez_RTO,SueciaTunez_1X2,SueciaTunez_DOB,SueciaTunez_PTOS,TunezJapon_RTO,TunezJapon_1X2,TunezJapon_DOB,TunezJapon_PTOS,HolandaSuecia_RTO,HolandaSuecia_1X2,HolandaSuecia_DOB,HolandaSuecia_PTOS,TunezHolanda_RTO,TunezHolanda_1X2,TunezHolanda_DOB,TunezHolanda_PTOS,JaponSuecia_RTO,JaponSuecia_1X2,JaponSuecia_DOB,JaponSuecia_PTOS,BelgicaEgipto_RTO,BelgicaEgipto_1X2,BelgicaEgipto_DOB,BelgicaEgipto_PTOS,IranNuevaZelanda_RTO,IranNuevaZelanda_1X2,IranNuevaZelanda_DOB,IranNuevaZelanda_PTOS,NuevaZelandaEgipto_RTO,NuevaZelandaEgipto_1X2,NuevaZelandaEgipto_DOB,NuevaZelandaEgipto_PTOS,BelgicaIran_RTO,BelgicaIran_1X2,BelgicaIran_DOB,BelgicaIran_PTOS,NuevaZelandaBelgica_RTO,NuevaZelandaBelgica_1X2,NuevaZelandaBelgica_DOB,NuevaZelandaBelgica_PTOS,EgiptoIran_RTO,EgiptoIran_1X2,EgiptoIran_DOB,EgiptoIran_PTOS,EspanaCaboVerde_RTO,EspanaCaboVerde_1X2,EspanaCaboVerde_DOB,EspanaCaboVerde_PTOS,ArabiaSaudiUruguay_RTO,ArabiaSaudiUruguay_1X2,ArabiaSaudiUruguay_DOB,ArabiaSaudiUruguay_PTOS,UruguayCaboVerde_RTO,UruguayCaboVerde_1X2,UruguayCaboVerde_DOB,UruguayCaboVerde_PTOS,EspanaArabiaSaudi_RTO,EspanaArabiaSaudi_1X2,EspanaArabiaSaudi_DOB,EspanaArabiaSaudi_PTOS,UruguayEspana_RTO,UruguayEspana_1X2,UruguayEspana_DOB,UruguayEspana_PTOS,CaboVerdeArabiaSaudi_RTO,CaboVerdeArabiaSaudi_1X2,CaboVerdeArabiaSaudi_DOB,CaboVerdeArabiaSaudi_PTOS,FranciaSenegal_RTO,FranciaSenegal_1X2,FranciaSenegal_DOB,FranciaSenegal_PTOS,BoliviaNoruega_RTO,BoliviaNoruega_1X2,BoliviaNoruega_DOB,BoliviaNoruega_PTOS,NoruegaSenegal_RTO,NoruegaSenegal_1X2,NoruegaSenegal_DOB,NoruegaSenegal_PTOS,FranciaBolivia_RTO,FranciaBolivia_1X2,FranciaBolivia_DOB,FranciaBolivia_PTOS,NoruegaFrancia_RTO,NoruegaFrancia_1X2,NoruegaFrancia_DOB,NoruegaFrancia_PTOS,SenegalBolivia_RTO,SenegalBolivia_1X2,SenegalBolivia_DOB,SenegalBolivia_PTOS,ArgentinaArgelia_RTO,ArgentinaArgelia_1X2,ArgentinaArgelia_DOB,ArgentinaArgelia_PTOS,AustriaJordania_RTO,AustriaJordania_1X2,AustriaJordania_DOB,AustriaJordania_PTOS,JordaniaArgelia_RTO,JordaniaArgelia_1X2,JordaniaArgelia_DOB,JordaniaArgelia_PTOS,ArgentinaAustria_RTO,ArgentinaAustria_1X2,ArgentinaAustria_DOB,ArgentinaAustria_PTOS,JordaniaArgentina_RTO,JordaniaArgentina_1X2,JordaniaArgentina_DOB,JordaniaArgentina_PTOS,ArgeliaAustria_RTO,ArgeliaAustria_1X2,ArgeliaAustria_DOB,ArgeliaAustria_PTOS,PortugalJamaica_RTO,PortugalJamaica_1X2,PortugalJamaica_DOB,PortugalJamaica_PTOS,UzbekistanColombia_RTO,UzbekistanColombia_1X2,UzbekistanColombia_DOB,UzbekistanColombia_PTOS,ColombiaJamaica_RTO,ColombiaJamaica_1X2,ColombiaJamaica_DOB,ColombiaJamaica_PTOS,PortugalUzbekistan_RTO,PortugalUzbekistan_1X2,PortugalUzbekistan_DOB,PortugalUzbekistan_PTOS,ColombiaPortugal_RTO,ColombiaPortugal_1X2,ColombiaPortugal_DOB,ColombiaPortugal_PTOS,JamaicaUzbekistan_RTO,JamaicaUzbekistan_1X2,JamaicaUzbekistan_DOB,JamaicaUzbekistan_PTOS,InglaterraCroacia_RTO,InglaterraCroacia_1X2,InglaterraCroacia_DOB,InglaterraCroacia_PTOS,GhanaPanama_RTO,GhanaPanama_1X2,GhanaPanama_DOB,GhanaPanama_PTOS,PanamaCroacia_RTO,PanamaCroacia_1X2,PanamaCroacia_DOB,PanamaCroacia_PTOS,InglaterraGhana_RTO,InglaterraGhana_1X2,InglaterraGhana_DOB,InglaterraGhana_PTOS,PanamaInglaterra_RTO,PanamaInglaterra_1X2,PanamaInglaterra_DOB,PanamaInglaterra_PTOS,CroaciaGhana_RTO,CroaciaGhana_1X2,CroaciaGhana_DOB,CroaciaGhana_PTOS,gA_Mexico_POS,gA_Mexico_PTOS,gA_Sudafrica_POS,gA_Sudafrica_PTOS,gA_Corea_POS,gA_Corea_PTOS,gA_Irlanda_POS,gA_Irlanda_PTOS,gB_Canada_POS,gB_Canada_PTOS,gB_Italia_POS,gB_Italia_PTOS,gB_Qatar_POS,gB_Qatar_PTOS,gB_Suiza_POS,gB_Suiza_PTOS,gC_Brasil_POS,gC_Brasil_PTOS,gC_Marruecos_POS,gC_Marruecos_PTOS,gC_Haiti_POS,gC_Haiti_PTOS,gC_Escocia_POS,gC_Escocia_PTOS,gD_USA_POS,gD_USA_PTOS,gD_Paraguay_POS,gD_Paraguay_PTOS,gD_Australia_POS,gD_Australia_PTOS,gD_Turquia_POS,gD_Turquia_PTOS,gE_Alemania_POS,gE_Alemania_PTOS,gE_Curazao_POS,gE_Curazao_PTOS,gE_CostaMarfil_POS,gE_CostaMarfil_PTOS,gE_Ecuador_POS,gE_Ecuador_PTOS,gF_Holanda_POS,gF_Holanda_PTOS,gF_Japon_POS,gF_Japon_PTOS,gF_Suecia_POS,gF_Suecia_PTOS,gF_Tunez_POS,gF_Tunez_PTOS,gG_Belgica_POS,gG_Belgica_PTOS,gG_Egipto_POS,gG_Egipto_PTOS,gG_Iran_POS,gG_Iran_PTOS,gG_NuevaZelanda_POS,gG_NuevaZelanda_PTOS,gH_Espana_POS,gH_Espana_PTOS,gH_CaboVerde_POS,gH_CaboVerde_PTOS,gH_ArabiaSaudi_POS,gH_ArabiaSaudi_PTOS,gH_Uruguay_POS,gH_Uruguay_PTOS,gI_Francia_POS,gI_Francia_PTOS,gI_Senegal_POS,gI_Senegal_PTOS,gI_Bolivia_POS,gI_Bolivia_PTOS,gI_Noruega_POS,gI_Noruega_PTOS,gJ_Argentina_POS,gJ_Argentina_PTOS,gJ_Argelia_POS,gJ_Argelia_PTOS,gJ_Austria_POS,gJ_Austria_PTOS,gJ_Jordania_POS,gJ_Jordania_PTOS,gK_Portugal_POS,gK_Portugal_PTOS,gK_Jamaica_POS,gK_Jamaica_PTOS,gK_Uzbekistan_POS,gK_Uzbekistan_PTOS,gK_Colombia_POS,gK_Colombia_PTOS,gL_Inglaterra_POS,gL_Inglaterra_PTOS,gL_Croacia_POS,gL_Croacia_PTOS,gL_Ghana_POS,gL_Ghana_PTOS,gL_Panama_POS,gL_Panama_PTOS,EquipoR32_1,EquipoR32_1_PTOS,EquipoR32_2,EquipoR32_2_PTOS,EquipoR32_3,EquipoR32_3_PTOS,EquipoR32_4,EquipoR32_4_PTOS,EquipoR32_5,EquipoR32_5_PTOS,EquipoR32_6,EquipoR32_6_PTOS,EquipoR32_7,EquipoR32_7_PTOS,EquipoR32_8,EquipoR32_8_PTOS,EquipoR32_9,EquipoR32_9_PTOS,EquipoR32_10,EquipoR32_10_PTOS,EquipoR32_11,EquipoR32_11_PTOS,EquipoR32_12,EquipoR32_12_PTOS,EquipoR32_13,EquipoR32_13_PTOS,EquipoR32_14,EquipoR32_14_PTOS,EquipoR32_15,EquipoR32_15_PTOS,EquipoR32_16,EquipoR32_16_PTOS,EquipoR32_17,EquipoR32_17_PTOS,EquipoR32_18,EquipoR32_18_PTOS,EquipoR32_19,EquipoR32_19_PTOS,EquipoR32_20,EquipoR32_20_PTOS,EquipoR32_21,EquipoR32_21_PTOS,EquipoR32_22,EquipoR32_22_PTOS,EquipoR32_23,EquipoR32_23_PTOS,EquipoR32_24,EquipoR32_24_PTOS,EquipoR32_25,EquipoR32_25_PTOS,EquipoR32_26,EquipoR32_26_PTOS,EquipoR32_27,EquipoR32_27_PTOS,EquipoR32_28,EquipoR32_28_PTOS,EquipoR32_29,EquipoR32_29_PTOS,EquipoR32_30,EquipoR32_30_PTOS,EquipoR32_31,EquipoR32_31_PTOS,EquipoR32_32,EquipoR32_32_PTOS,EquipoOctavos_1,EquipoOctavos_1_PTOS,EquipoOctavos_2,EquipoOctavos_2_PTOS,EquipoOctavos_3,EquipoOctavos_3_PTOS,EquipoOctavos_4,EquipoOctavos_4_PTOS,EquipoOctavos_5,EquipoOctavos_5_PTOS,EquipoOctavos_6,EquipoOctavos_6_PTOS,EquipoOctavos_7,EquipoOctavos_7_PTOS,EquipoOctavos_8,EquipoOctavos_8_PTOS,EquipoOctavos_9,EquipoOctavos_9_PTOS,EquipoOctavos_10,EquipoOctavos_10_PTOS,EquipoOctavos_11,EquipoOctavos_11_PTOS,EquipoOctavos_12,EquipoOctavos_12_PTOS,EquipoOctavos_13,EquipoOctavos_13_PTOS,EquipoOctavos_14,EquipoOctavos_14_PTOS,EquipoOctavos_15,EquipoOctavos_15_PTOS,EquipoOctavos_16,EquipoOctavos_16_PTOS,EquipoCuartos_1,EquipoCuartos_1_PTOS,EquipoCuartos_2,EquipoCuartos_2_PTOS,EquipoCuartos_3,EquipoCuartos_3_PTOS,EquipoCuartos_4,EquipoCuartos_4_PTOS,EquipoCuartos_5,EquipoCuartos_5_PTOS,EquipoCuartos_6,EquipoCuartos_6_PTOS,EquipoCuartos_7,EquipoCuartos_7_PTOS,EquipoCuartos_8,EquipoCuartos_8_PTOS,EquipoSemis_1,EquipoSemis_1_PTOS,EquipoSemis_2,EquipoSemis_2_PTOS,EquipoSemis_3,EquipoSemis_3_PTOS,EquipoSemis_4,EquipoSemis_4_PTOS,EquipoFinal_1,EquipoFinal_1_PTOS,EquipoFinal_2,EquipoFinal_2_PTOS,TercerPuesto,TercerPuesto_PTOS,Subcampeon,Subcampeon_PTOS,Campeon,Campeon_PTOS,MejorJugador,MejorJugador_PTOS,MejorJugadorJoven,MejorJugadorJoven_PTOS,MejorPortero,MejorPortero_PTOS,MaximoGoleador,MaximoGoleador_PTOS,MaximoAsistente,MaximoAsistente_PTOS,MaximoGoleadorESP,MaximoGoleadorESP_PTOS,SeleccionRevelacion,SeleccionRevelacion_PTOS,SeleccionDecepcion,SeleccionDecepcion_PTOS,MinutoPrimerGol,MinutoPrimerGol_PTOS,PrimerGolESP,PrimerGolESP_PTOS
Alex Vega,302,160,142,0,1-0,1,FALSE,3,2-1,1,FALSE,0,1-0,2,FALSE,3,1-0,2,FALSE,2,0-0,1,FALSE,0,0-0,2,TRUE,0,2-2,1,FALSE,2,2-0,1,FALSE,3,1-1,2,FALSE,2,2-0,1,FALSE,0,0-1,1,FALSE,0,1-0,X,TRUE,6,2-0,1,FALSE,3,1-0,X,FALSE,0,2-0,2,FALSE,2,0-1,2,FALSE,0,1-0,1,TRUE,4,2-0,1,FALSE,3,2-2,X,TRUE,4,0-1,1,FALSE,2,2-1,2,FALSE,0,1-0,2,FALSE,2,2-1,1,FALSE,2,2-0,2,FALSE,2,0-1,1,FALSE,0,0-0,X,TRUE,4,1-0,1,FALSE,3,0-1,1,FALSE,2,2-2,2,FALSE,2,2-0,1,FALSE,0,2-0,2,FALSE,2,2-2,X,FALSE,0,1-1,2,FALSE,2,0-0,1,FALSE,0,1-1,2,TRUE,4,1-0,X,FALSE,2,2-0,2,FALSE,3,0-0,2,FALSE,3,2-0,2,FALSE,0,2-0,X,TRUE,0,0-0,2,FALSE,3,2-0,2,FALSE,3,1-0,2,FALSE,0,2-1,1,FALSE,2,1-1,2,FALSE,3,0-0,2,FALSE,0,0-0,1,TRUE,6,2-0,1,FALSE,0,1-0,1,FALSE,3,1-0,2,FALSE,3,1-1,2,FALSE,2,1-1,X,FALSE,2,2-2,1,TRUE,6,2-1,2,FALSE,0,0-1,X,FALSE,3,3-1,1,FALSE,0,1-0,X,FALSE,0,2-1,2,FALSE,0,1-0,2,FALSE,2,2-1,1,TRUE,6,1-0,2,FALSE,0,3-1,1,FALSE,2,3-1,1,TRUE,6,2-2,1,FALSE,0,2-2,X,FALSE,2,3-1,2,FALSE,0,1-0,1,FALSE,2,0-1,1,FALSE,0,2-1,2,FALSE,2,2-2,1,FALSE,0,2-1,1,FALSE,2,1-0,1,TRUE,4,4,1,1,0,2,1,3,1,4,1,2,1,1,0,3,0,1,1,3,1,4,0,2,0,4,1,2,0,3,0,1,0,3,0,4,1,2,1,1,0,3,0,1,1,2,1,4,0,2,0,3,1,4,1,1,1,1,0,3,0,4,1,2,0,4,0,1,1,2,1,3,1,1,1,4,0,2,0,3,0,4,0,2,1,3,0,1,1,4,1,1,0,3,0,2,1,Holanda,0,Qatar,6,USA,6,Suiza,0,Australia,6,Croacia,6,Marruecos,6,Bolivia,0,Egipto,0,Ecuador,6,Turquia,0,Jamaica,0,Senegal,6,Iran,6,Belgica,0,Inglaterra,6,Tunez,6,Noruega,0,CostaMarfil,6,Escocia,0,Sudafrica,6,Jordania,0,Canada,0,CaboVerde,6,Argelia,0,Uzbekistan,6,Argentina,6,ArabiaSaudi,6,Paraguay,0,Suecia,6,Austria,0,Espana,0,Ecuador,0,Croacia,0,CaboVerde,0,Senegal,10,Colombia,0,Suiza,0,Alemania,0,Japon,10,Belgica,10,Portugal,0,Australia,0,Escocia,10,Argentina,0,Suecia,0,Inglaterra,0,Uzbekistan,0,Belgica,0,Haiti,0,Marruecos,0,Francia,0,Holanda,0,Corea,0,NuevaZelanda,0,Turquia,0,Irlanda,,Haiti,,USA,0,Corea,,Paraguay,0,Uruguay,,Jamaica,0,Corea,,Sudafrica,,Mbappe,,Bellingham,,Donnarumma,,Musiala,0,Bellingham,0,Nico Williams,,Marruecos,0,Holanda,,42,,Olmo,0
Marta Soler,334,149,185,0,2-0,2,TRUE,4,1-0,2,FALSE,3,0-1,2,FALSE,2,0-1,1,FALSE,2,0-1,1,FALSE,3,3-1,1,FALSE,2,3-1,2,FALSE,0,1-1,2,FALSE,2,2-0,2,TRUE,6,3-1,X,FALSE,2,2-0,X,FALSE,3,1-0,X,FALSE,3,3-1,2,FALSE,2,2-2,X,TRUE,0,0-1,1,FALSE,2,0-1,X,FALSE,0,2-0,2,FALSE,0,2-1,1,FALSE,0,3-1,2,FALSE,3,3-1,2,FALSE,3,3-1,1,FALSE,0,2-1,X,TRUE,4,2-0,2,FALSE,2,3-1,2,FALSE,2,0-1,X,FALSE,3,2-0,X,FALSE,0,1-0,2,FALSE,0,1-0,2,TRUE,4,1-1,1,FALSE,0,3-1,X,FALSE,3,2-0,1,FALSE,3,2-0,1,FALSE,2,2-0,1,FALSE,3,1-1,X,FALSE,0,0-0,2,TRUE,0,1-1,2,FALSE,3,1-0,1,FALSE,2,3-1,X,FALSE,2,1-1,1,FALSE,0,3-1,1,TRUE,6,2-2,X,FALSE,0,0-0,1,FALSE,0,2-0,1,FALSE,3,1-0,2,FALSE,3,2-1,2,FALSE,2,3-1,X,FALSE,3,2-2,X,TRUE,4,0-0,2,FALSE,3,2-1,2,TRUE,0,1-0,1,FALSE,0,1-0,1,FALSE,0,3-1,2,FALSE,2,2-0,1,FALSE,0,2-0,2,FALSE,3,2-1,X,TRUE,6,2-1,X,FALSE,0,2-1,2,FALSE,0,2-0,1,FALSE,0,1-1,X,FALSE,2,2-0,X,FALSE,0,2-0,2,FALSE,2,2-0,2,FALSE,2,3-1,1,FALSE,2,2-2,2,FALSE,0,2-0,1,FALSE,0,0-0,2,TRUE,6,0-0,1,FALSE,2,3-1,X,FALSE,0,2-2,2,FALSE,3,1-0,X,FALSE,0,0-1,X,TRUE,4,1-1,X,FALSE,2,1,0,3,0,2,0,4,1,3,0,2,0,4,1,1,0,2,1,3,1,1,0,4,0,4,0,2,0,1,0,3,0,4,0,1,1,2,1,3,1,3,0,4,0,1,1,2,0,1,1,2,0,4,0,3,0,2,0,4,0,1,0,3,0,1,0,3,0,4,0,2,1,1,0,2,0,4,0,3,1,1,0,3,0,2,1,4,1,3,0,2,0,1,0,4,1,Paraguay,6,Ghana,6,Portugal,0,Australia,0,Suecia,0,Argentina,0,Italia,0,Irlanda,6,Sudafrica,0,Noruega,6,Belgica,6,Suiza,6,Alemania,0,Escocia,0,Inglaterra,0,CostaMarfil,6,Jordania,6,Curazao,0,Tunez,0,ArabiaSaudi,6,Bolivia,0,USA,6,Ecuador,0,Haiti,6,Panama,6,Egipto,6,Turquia,0,Colombia,0,Canada,0,Holanda,6,NuevaZelanda,0,Iran,6,Uruguay,10,Escocia,10,Argentina,0,Bolivia,10,Corea,10,Australia,0,Inglaterra,0,Qatar,0,CaboVerde,0,Portugal,0,Canada,10,Curazao,0,Belgica,0,Suecia,0,Senegal,0,Uzbekistan,10,Colombia,0,Panama,15,Tunez,0,Suecia,0,NuevaZelanda,0,CaboVerde,0,Sudafrica,0,Brasil,0,Espana,,Canada,0,NuevaZelanda,,CaboVerde,20,Argelia,,Portugal,,Noruega,,Croacia,,Holanda,,Vinicius,,Bellingham,0,Courtois,0,Foden,0,Foden,,Morata,,Japon,,Italia,0,23,,Morata,
Pablo Norte,288,147,141,0,0-1,1,TRUE,4,0-1,2,FALSE,0,0-1,2,FALSE,3,2-2,2,FALSE,0,2-0,2,FALSE,0,1-0,2,FALSE,2,3-1,1,FALSE,3,0-1,2,TRUE,4,2-0,2,FALSE,0,2-2,2,FALSE,3,0-0,2,FALSE,3,2-0,1,FALSE,0,2-0,X,FALSE,0,1-1,1,FALSE,2,2-2,1,FALSE,0,0-0,1,FALSE,3,2-1,X,FALSE,2,0-1,1,TRUE,4,0-1,2,FALSE,2,0-0,1,FALSE,0,0-0,2,FALSE,0,3-1,2,FALSE,2,3-1,X,FALSE,0,1-0,X,TRUE,4,3-1,2,FALSE,2,0-0,1,FALSE,2,0-0,1,TRUE,0,2-1,1,FALSE,3,2-0,X,FALSE,0,3-1,2,FALSE,2,2-2,2,FALSE,3,0-1,1,TRUE,4,0-0,X,FALSE,0,1-0,X,FALSE,2,2-2,2,FALSE,2,2-0,1,FALSE,2,1-1,2,FALSE,2,0-1,1,FALSE,2,1-0,1,TRUE,4,2-2,2,FALSE,0,2-0,2,FALSE,0,0-1,1,FALSE,0,1-0,2,FALSE,2,0-1,X,FALSE,3,1-1,1,FALSE,0,2-0,1,FALSE,0,1-1,2,FALSE,0,3-1,X,TRUE,6,3-1,2,FALSE,3,0-1,2,FALSE,0,3-1,1,FALSE,2,2-0,X,FALSE,2,0-1,2,TRUE,0,3-1,X,FALSE,0,2-0,1,FALSE,2,1-0,2,FALSE,2,2-2,X,TRUE,4,0-0,X,FALSE,3,2-1,X,FALSE,2,1-1,1,FALSE,2,1-0,2,FALSE,2,0-0,1,FALSE,3,3-1,2,TRUE,4,1-1,X,FALSE,2,2-0,X,FALSE,2,0-1,2,FALSE,2,0-1,1,FALSE,0,2-2,X,FALSE,0,1-1,X,FALSE,0,1-1,X,FALSE,0,2-2,1,FALSE,2,1-0,X,TRUE,4,3,0,1,0,4,1,2,1,3,0,4,0,1,1,2,1,4,0,3,0,1,0,2,0,2,0,1,1,4,1,3,0,1,1,4,1,3,0,2,0,1,1,2,1,4,0,3,0,1,0,4,1,2,1,3,0,3,0,4,1,2,0,1,1,4,1,1,0,3,1,2,0,2,0,4,1,1,0,3,1,4,1,3,1,1,1,2,1,3,0,4,0,1,0,2,0,Colombia,6,Suecia,0,Tunez,0,Haiti,0,Egipto,0,Curazao,6,USA,0,Croacia,0,Austria,0,Francia,6,Argentina,6,Qatar,0,Canada,6,Japon,0,Escocia,0,Uzbekistan,0,Portugal,0,Turquia,6,Iran,6,Ghana,0,Australia,0,Ecuador,6,Holanda,0,Noruega,0,Jamaica,0,Argelia,0,Irlanda,0,CaboVerde,6,Uruguay,0,Bolivia,0,Belgica,6,Suiza,6,CostaMarfil,10,Espana,0,Suiza,0,Jamaica,0,Irlanda,0,ArabiaSaudi,0,Colombia,0,Jordania,0,Paraguay,0,Egipto,10,Panama,0,Alemania,0,Francia,0,USA,0,Suecia,10,Uruguay,10,Holanda,0,Qatar,0,Colombia,0,Croacia,15,Noruega,0,USA,0,Austria,0,Turquia,0,Japon,20,Francia,,Holanda,0,Irlanda,,CaboVerde,,Ecuador,,Irlanda,,Haiti,,Espana,,Mbappe,,Lamine Yamal,0,Alisson,,Lamine Yamal,,Bellingham,,Olmo,,Uruguay,,Alemania,,23,0,Lamine Yamal,0
Ines Rios,305,144,161,0,0-1,1,FALSE,3,3-1,2,FALSE,2,2-0,X,FALSE,0,2-2,2,FALSE,2,2-1,1,FALSE,2,0-0,1,TRUE,0,3-1,X,FALSE,2,1-0,X,FALSE,0,2-0,2,FALSE,2,2-2,X,FALSE,0,0-0,2,TRUE,4,0-1,2,FALSE,0,3-1,2,FALSE,0,1-0,1,FALSE,3,2-2,X,FALSE,3,0-1,2,TRUE,6,1-1,1,FALSE,2,2-2,2,FALSE,0,1-1,2,TRUE,0,3-1,2,FALSE,2,1-1,X,FALSE,3,0-1,1,FALSE,2,2-0,2,FALSE,0,3-1,2,FALSE,2,0-0,X,FALSE,0,1-0,X,FALSE,2,0-0,2,FALSE,2,2-1,2,TRUE,0,3-1,1,FALSE,2,2-2,1,FALSE,3,0-0,2,FALSE,3,1-0,1,TRUE,0,0-1,X,FALSE,0,2-1,X,FALSE,2,3-1,2,FALSE,3,1-1,2,FALSE,0,3-1,2,FALSE,2,1-1,X,FALSE,3,0-1,2,TRUE,0,2-0,2,FALSE,2,2-1,X,FALSE,2,2-1,X,FALSE,3,2-1,2,FALSE,3,0-1,X,FALSE,0,2-0,X,FALSE,0,2-2,X,FALSE,3,1-1,X,FALSE,0,1-0,X,TRUE,6,2-0,2,FALSE,2,2-1,2,FALSE,0,2-0,1,FALSE,0,2-1,1,FALSE,0,2-1,2,FALSE,0,1-0,X,TRUE,0,1-0,2,FALSE,3,0-0,2,FALSE,3,1-1,X,FALSE,2,3-1,X,TRUE,4,2-0,X,FALSE,0,0-0,1,FALSE,2,0-0,1,FALSE,2,1-1,1,TRUE,6,2-2,X,FALSE,0,2-0,1,FALSE,0,1-0,X,FALSE,0,3-1,1,FALSE,3,2-0,1,FALSE,3,0-1,1,FALSE,3,2-0,2,FALSE,0,0-1,X,TRUE,4,2-1,1,FALSE,2,2-2,X,FALSE,2,4,1,3,1,1,1,2,1,2,0,3,1,4,1,1,0,4,0,3,1,2,1,1,1,1,0,2,0,3,0,4,1,3,0,4,0,2,0,1,1,2,0,1,0,3,0,4,0,1,1,2,0,3,1,4,0,2,1,4,0,3,0,1,0,3,0,2,0,1,0,4,0,4,0,2,1,3,1,1,1,4,0,1,1,3,1,2,1,4,1,2,1,1,0,3,0,Jordania,0,Ecuador,0,Alemania,0,Uzbekistan,6,Holanda,6,Francia,6,Haiti,0,ArabiaSaudi,0,Qatar,0,NuevaZelanda,6,Sudafrica,0,Turquia,6,Irlanda,0,Canada,0,Corea,0,Austria,0,Senegal,0,CostaMarfil,6,Noruega,0,USA,0,Argentina,0,Paraguay,6,Curazao,6,Inglaterra,0,Japon,0,Uruguay,0,Marruecos,6,CaboVerde,0,Portugal,0,Mexico,6,Croacia,6,Australia,0,Uruguay,0,Francia,10,Curazao,0,Argelia,10,Italia,0,Paraguay,0,Espana,10,Noruega,0,Jamaica,0,Inglaterra,10,Jordania,0,Uzbekistan,10,Suiza,0,Iran,0,Suecia,0,Bolivia,0,USA,15,Francia,0,Portugal,0,Marruecos,0,Suiza,0,Suecia,0,Panama,15,Uzbekistan,15,Inglaterra,,Uzbekistan,0,Bolivia,,Suecia,0,ArabiaSaudi,,Corea,,Belgica,0,Panama,,Brasil,,Lamine Yamal,,Vinicius,,Unai Simon,,Vinicius,0,Musiala,0,Lamine Yamal,,Uruguay,,Portugal,,23,,Olmo,
Diego Luna,354,148,206,0,1-0,1,FALSE,0,2-2,2,TRUE,6,1-1,2,FALSE,2,0-1,1,FALSE,0,2-0,X,FALSE,0,2-0,1,FALSE,0,2-2,X,FALSE,2,2-2,1,TRUE,0,0-1,2,FALSE,0,0-1,X,FALSE,0,2-2,X,FALSE,3,2-1,2,FALSE,2,2-2,1,FALSE,0,2-0,X,FALSE,2,1-0,1,FALSE,2,2-2,X,FALSE,2,1-0,X,FALSE,0,2-1,2,TRUE,4,2-1,X,FALSE,0,2-0,1,FALSE,3,0-1,2,FALSE,2,0-1,X,FALSE,0,1-1,X,TRUE,0,2-1,X,FALSE,0,0-1,X,FALSE,3,3-1,2,FALSE,3,0-1,X,FALSE,0,2-2,X,TRUE,0,2-1,2,FALSE,3,1-1,2,FALSE,3,3-1,2,TRUE,0,2-0,2,FALSE,0,2-2,2,FALSE,2,2-0,1,FALSE,0,1-1,2,FALSE,2,2-2,1,FALSE,2,3-1,2,FALSE,2,2-2,2,FALSE,0,0-1,2,FALSE,3,1-0,1,FALSE,3,0-1,1,TRUE,4,0-0,2,FALSE,3,2-2,X,FALSE,3,2-2,1,FALSE,0,2-0,1,FALSE,2,2-1,X,FALSE,2,3-1,2,FALSE,2,1-1,X,TRUE,6,1-0,X,FALSE,2,1-0,1,FALSE,3,1-1,X,FALSE,0,3-1,1,TRUE,4,0-1,X,FALSE,0,3-1,X,FALSE,0,1-0,1,TRUE,6,1-0,2,FALSE,3,2-1,2,FALSE,0,1-1,X,FALSE,2,3-1,1,FALSE,3,1-1,1,FALSE,2,2-2,1,FALSE,3,2-1,X,FALSE,2,2-2,1,FALSE,3,2-1,X,TRUE,6,1-0,2,FALSE,0,1-1,X,FALSE,0,1-0,X,FALSE,2,3-1,2,FALSE,3,0-1,2,FALSE,2,2-2,2,TRUE,0,0-1,X,FALSE,2,2-0,2,FALSE,2,2,1,4,1,1,1,3,1,2,0,3,0,1,0,4,0,2,0,4,1,3,1,1,0,4,0,3,1,1,1,2,0,1,1,3,0,2,0,4,1,4,1,2,1,1,1,3,0,2,0,1,1,3,0,4,0,4,0,2,0,3,1,1,0,2,0,4,1,1,0,3,0,4,0,1,0,2,1,3,0,3,0,1,0,2,0,4,0,2,1,1,0,4,1,3,1,Senegal,0,Tunez,6,Canada,0,Panama,0,Japon,0,Uzbekistan,6,Bolivia,0,Croacia,6,CostaMarfil,6,Italia,0,Suiza,0,Sudafrica,6,Ecuador,0,Suecia,0,CaboVerde,6,Mexico,0,Haiti,6,Noruega,0,NuevaZelanda,6,Escocia,0,Jordania,6,Alemania,0,Espana,6,Ghana,0,Belgica,6,ArabiaSaudi,6,Corea,0,Australia,6,USA,6,Paraguay,6,Argentina,0,Jamaica,6,Noruega,0,Belgica,10,Brasil,0,Jordania,0,Portugal,0,Colombia,10,Haiti,10,Holanda,0,Tunez,0,NuevaZelanda,0,Escocia,0,Austria,10,Turquia,10,Paraguay,10,Corea,10,Ghana,0,Irlanda,0,Haiti,0,Inglaterra,0,USA,0,Italia,15,Tunez,0,Jamaica,0,Mexico,0,Suiza,,Jamaica,,Argelia,0,ArabiaSaudi,,Espana,25,NuevaZelanda,,CostaMarfil,,Ecuador,,Holanda,,Musiala,,Musiala,0,Maignan,,Foden,0,Rodri,,Olmo,,Senegal,,Portugal,0,7,0,Nico Williams,
Clara Bosch,272,149,123,0,2-1,X,FALSE,2,0-0,1,FALSE,3,1-0,1,FALSE,3,2-2,2,FALSE,3,3-1,2,TRUE,0,1-0,2,FALSE,0,1-0,2,FALSE,2,2-2,2,FALSE,3,2-1,X,FALSE,0,0-1,X,TRUE,6,0-1,X,FALSE,2,2-1,1,FALSE,3,1-0,1,FALSE,0,3-1,X,TRUE,0,1-0,2,FALSE,0,2-1,X,FALSE,0,2-0,1,FALSE,0,2-0,2,FALSE,2,2-1,X,TRUE,0,2-1,X,FALSE,2,0-0,2,FALSE,0,1-1,1,FALSE,3,3-1,2,FALSE,3,2-1,1,FALSE,2,1-0,1,FALSE,0,2-1,1,TRUE,0,2-2,X,FALSE,2,1-0,2,FALSE,2,1-0,1,FALSE,3,2-1,2,FALSE,2,1-0,X,FALSE,0,3-1,1,TRUE,0,2-2,2,FALSE,2,0-0,X,FALSE,2,1-1,X,FALSE,0,1-1,X,FALSE,0,0-0,2,FALSE,2,2-1,2,TRUE,0,2-2,2,FALSE,2,1-0,X,FALSE,2,2-2,1,FALSE,2,2-1,2,FALSE,3,0-0,X,FALSE,3,0-1,X,FALSE,2,3-1,X,FALSE,3,0-1,X,FALSE,0,0-0,X,TRUE,4,0-0,X,FALSE,0,0-1,2,FALSE,3,1-1,1,FALSE,0,2-1,X,FALSE,2,0-0,1,TRUE,4,2-2,X,FALSE,3,1-1,1,FALSE,0,0-1,2,FALSE,0,0-1,2,FALSE,2,2-1,X,TRUE,4,1-1,X,FALSE,0,0-0,1,FALSE,2,0-0,2,FALSE,2,2-1,1,FALSE,0,1-1,X,FALSE,0,1-1,2,TRUE,6,1-1,1,FALSE,3,0-1,1,FALSE,2,2-2,2,FALSE,0,0-1,1,FALSE,3,2-2,2,FALSE,3,0-1,1,TRUE,6,0-1,1,FALSE,2,1-1,X,FALSE,0,2-0,1,FALSE,0,4,0,2,0,3,0,1,1,2,0,1,1,4,0,3,1,4,0,2,1,1,0,3,1,2,1,3,1,4,1,1,1,4,1,1,0,3,1,2,1,1,1,3,1,2,0,4,0,3,1,4,0,1,1,2,1,4,1,2,1,1,0,3,0,4,0,3,0,2,0,1,0,3,1,1,1,2,1,4,0,1,1,2,1,4,1,3,0,3,1,1,0,2,1,4,0,Turquia,0,Tunez,0,Jamaica,6,Francia,0,Irlanda,0,Espana,0,Inglaterra,0,Suecia,0,Belgica,6,CaboVerde,0,Senegal,0,Mexico,0,Marruecos,0,Canada,0,Uzbekistan,0,Argentina,0,Noruega,6,Jordania,0,Japon,6,Brasil,0,Colombia,0,Australia,0,Iran,6,Bolivia,6,NuevaZelanda,0,Escocia,6,Panama,0,Croacia,0,Curazao,0,Holanda,6,Corea,0,Alemania,0,Croacia,0,Australia,0,ArabiaSaudi,10,Egipto,0,Tunez,10,Senegal,10,Bolivia,0,Uzbekistan,0,Haiti,10,Iran,0,Brasil,10,Inglaterra,0,Austria,0,Jamaica,0,Ghana,10,Noruega,0,CostaMarfil,0,Iran,0,Marruecos,15,Suecia,0,Panama,0,NuevaZelanda,0,ArabiaSaudi,0,Holanda,0,Suecia,,Argentina,,Argelia,,Marruecos,,Suecia,,Suiza,,Australia,,Panama,0,Ecuador,,Foden,0,Bellingham,,Donnarumma,,Vinicius,,Vinicius,,Lamine Yamal,,Colombia,,USA,0,12,,Lamine Yamal,0
Hugo Prieto,309,176,133,0,1-1,X,FALSE,2,0-0,X,FALSE,0,1-1,2,FALSE,3,3-1,1,FALSE,0,2-2,2,FALSE,2,2-2,X,TRUE,4,2-1,2,TRUE,4,0-0,X,FALSE,3,2-1,1,FALSE,2,2-1,1,FALSE,2,0-1,X,FALSE,0,2-2,2,FALSE,2,1-0,1,FALSE,0,2-0,X,TRUE,6,0-1,X,FALSE,3,1-1,X,FALSE,3,3-1,X,FALSE,3,1-1,X,FALSE,0,1-1,1,FALSE,3,1-1,1,TRUE,4,0-0,X,FALSE,3,2-0,2,FALSE,2,0-0,2,FALSE,0,0-0,1,FALSE,2,3-1,X,FALSE,0,2-0,X,FALSE,3,2-1,2,FALSE,2,0-0,X,TRUE,4,1-0,2,FALSE,2,1-1,X,FALSE,3,1-0,X,TRUE,0,1-0,X,FALSE,0,2-1,X,FALSE,3,2-1,X,FALSE,3,2-0,1,FALSE,0,3-1,1,FALSE,2,0-1,1,FALSE,0,1-0,1,FALSE,3,3-1,1,FALSE,3,1-0,2,TRUE,6,2-0,2,FALSE,0,2-0,X,FALSE,2,1-1,1,TRUE,6,0-1,2,FALSE,0,1-0,1,FALSE,3,0-0,1,FALSE,3,1-1,X,FALSE,0,3-1,2,FALSE,0,1-0,X,FALSE,3,1-1,1,FALSE,2,3-1,X,FALSE,3,3-1,X,FALSE,2,1-1,1,FALSE,0,0-0,1,TRUE,0,3-1,2,FALSE,2,1-1,2,FALSE,2,0-1,2,FALSE,0,1-1,X,FALSE,3,1-0,X,TRUE,4,1-0,X,FALSE,2,2-1,2,TRUE,6,1-0,X,FALSE,2,2-1,X,FALSE,0,2-2,1,FALSE,3,0-0,1,FALSE,2,1-1,2,FALSE,3,1-1,1,FALSE,3,0-1,1,FALSE,0,2-0,1,FALSE,2,2-2,X,TRUE,6,1-0,X,FALSE,2,3-1,1,FALSE,3,2,0,3,0,1,1,4,1,4,0,1,0,3,0,2,0,1,0,4,1,3,1,2,1,1,0,3,1,2,0,4,1,3,1,4,0,1,0,2,0,2,1,1,1,4,1,3,0,3,0,2,1,1,0,4,1,3,1,2,1,1,0,4,0,4,0,3,0,2,1,1,0,4,0,2,0,3,0,1,0,2,0,4,1,3,1,1,0,1,1,2,0,4,0,3,1,Tunez,6,Belgica,0,Corea,6,Australia,6,Suiza,6,Portugal,0,Marruecos,0,Sudafrica,6,Senegal,0,Mexico,6,Qatar,0,NuevaZelanda,6,Uzbekistan,0,Uruguay,0,Inglaterra,0,Jordania,0,Turquia,0,Jamaica,6,CaboVerde,0,Irlanda,0,Haiti,6,Panama,0,Curazao,0,Alemania,6,Italia,0,Argentina,0,Suecia,6,Canada,0,ArabiaSaudi,6,Escocia,6,Ghana,0,Croacia,0,Australia,0,Turquia,0,Bolivia,0,Corea,0,Holanda,10,Panama,0,Marruecos,0,Croacia,10,Jordania,0,Ghana,0,Irlanda,10,Haiti,10,Mexico,0,Brasil,0,Curazao,0,Suecia,0,Holanda,0,Brasil,0,Qatar,0,Suiza,0,Italia,0,Sudafrica,0,Panama,0,Corea,15,Japon,,Escocia,,Austria,,Corea,,Holanda,,Uzbekistan,,Japon,,Suecia,,Brasil,,Bellingham,0,Foden,,Bono,,Mbappe,,Lamine Yamal,0,Lamine Yamal,,Colombia,0,Portugal,,18,,Nico Williams,0
Nora Vidal,335,156,169,10,2-0,X,FALSE,2,1-1,2,FALSE,2,2-0,1,TRUE,6,2-1,X,FALSE,3,1-0,2,FALSE,0,0-0,2,FALSE,2,2-2,2,FALSE,0,0-0,2,FALSE,0,3-1,2,FALSE,3,0-1,X,FALSE,0,2-0,1,TRUE,4,1-0,X,FALSE,2,2-1,2,TRUE,4,1-1,X,FALSE,0,1-1,2,FALSE,3,0-1,1,FALSE,0,3-1,1,FALSE,0,0-1,1,FALSE,0,0-1,X,FALSE,2,3-1,1,TRUE,0,0-1,1,FALSE,3,2-0,2,FALSE,0,1-1,X,FALSE,2,0-1,2,FALSE,2,2-0,X,TRUE,6,2-1,2,FALSE,2,0-1,X,FALSE,3,0-0,2,FALSE,3,3-1,1,FALSE,0,2-0,1,FALSE,0,0-1,2,FALSE,3,1-0,2,TRUE,0,0-1,2,FALSE,0,3-1,X,FALSE,0,1-1,2,FALSE,3,0-0,1,FALSE,0,1-1,1,FALSE,2,0-0,2,FALSE,0,1-1,X,FALSE,3,2-2,2,FALSE,3,0-0,2,TRUE,6,2-0,1,FALSE,0,3-1,X,FALSE,0,2-2,2,FALSE,0,1-1,2,FALSE,2,2-0,1,FALSE,3,0-1,X,TRUE,4,1-0,1,FALSE,2,1-0,1,FALSE,0,2-2,1,TRUE,4,1-1,X,FALSE,3,0-0,2,FALSE,2,1-0,1,FALSE,2,1-1,2,FALSE,2,2-2,2,TRUE,4,0-0,2,FALSE,2,2-1,X,FALSE,3,2-2,X,FALSE,2,1-0,X,FALSE,0,3-1,1,FALSE,3,2-0,2,TRUE,6,2-2,X,FALSE,0,0-0,2,FALSE,2,0-0,X,FALSE,2,0-1,X,FALSE,2,1-1,X,FALSE,2,2-0,2,FALSE,2,0-1,2,FALSE,0,2-2,1,TRUE,4,3-1,1,FALSE,2,3-1,X,FALSE,3,0-1,2,FALSE,2,2,0,4,0,3,0,1,1,1,0,4,0,3,0,2,0,4,0,2,1,1,1,3,1,3,1,1,1,2,0,4,0,1,0,2,0,3,0,4,0,2,1,3,0,1,0,4,1,4,0,1,0,3,1,2,0,3,0,4,1,1,1,2,0,4,0,1,0,3,0,2,0,1,1,3,0,4,0,2,1,4,1,3,1,1,1,2,1,4,0,2,0,3,0,1,0,Jamaica,6,Iran,0,Bolivia,0,Ecuador,6,Qatar,0,Jordania,6,Austria,6,Tunez,0,Uruguay,0,CostaMarfil,6,Noruega,0,Egipto,0,Irlanda,0,Francia,6,Espana,6,Inglaterra,0,Italia,0,NuevaZelanda,0,Colombia,6,Haiti,6,USA,0,Corea,0,Marruecos,6,Portugal,0,Brasil,6,Suecia,0,Mexico,6,Curazao,0,Ghana,6,Escocia,6,Paraguay,0,Holanda,0,NuevaZelanda,10,Argelia,0,Croacia,10,Colombia,0,Paraguay,10,Holanda,0,Corea,0,Qatar,0,Iran,0,Ecuador,0,Mexico,0,Canada,10,Panama,0,CostaMarfil,0,Bolivia,0,Espana,0,NuevaZelanda,0,Australia,15,Iran,15,Croacia,15,Portugal,0,Tunez,0,ArabiaSaudi,0,Bolivia,0,Francia,0,Uzbekistan,,Noruega,,Marruecos,0,USA,,Bolivia,,Panama,0,Jamaica,,Belgica,,Musiala,,Musiala,,Unai Simon,,Musiala,,Foden,,Nico Williams,0,Japon,,Alemania,10,7,,Lamine Yamal,0
Leo Sierra,376,175,181,20,1-0,1,FALSE,0,2-1,X,TRUE,4,3-1,X,FALSE,2,0-0,X,FALSE,0,1-1,1,FALSE,0,2-2,1,FALSE,2,2-1,X,FALSE,3,0-0,1,TRUE,6,2-1,X,FALSE,3,3-1,1,FALSE,3,0-0,1,FALSE,2,1-0,2,FALSE,2,3-1,X,FALSE,2,2-0,X,TRUE,0,0-0,2,FALSE,3,1-0,X,FALSE,2,2-0,1,FALSE,2,0-0,2,FALSE,0,2-1,2,TRUE,4,0-0,1,FALSE,3,1-0,X,FALSE,3,0-0,1,FALSE,2,3-1,2,FALSE,2,0-1,1,FALSE,0,1-0,2,FALSE,2,0-0,1,FALSE,0,1-1,2,FALSE,2,1-0,1,TRUE,4,0-1,2,FALSE,3,0-1,X,FALSE,3,2-2,X,TRUE,6,2-0,1,FALSE,2,3-1,2,FALSE,0,3-1,1,FALSE,2,0-1,X,FALSE,3,2-0,2,FALSE,3,1-1,1,FALSE,2,3-1,X,FALSE,3,0-1,X,FALSE,0,2-2,2,FALSE,0,0-0,2,TRUE,6,2-1,X,FALSE,3,2-2,1,FALSE,2,3-1,2,FALSE,0,2-0,X,FALSE,2,0-1,1,FALSE,0,1-0,1,FALSE,3,1-1,1,TRUE,6,1-0,X,FALSE,0,0-0,2,TRUE,4,2-2,2,FALSE,2,2-0,1,FALSE,2,1-0,1,FALSE,3,2-1,2,FALSE,2,3-1,2,TRUE,0,2-2,X,FALSE,3,0-0,2,FALSE,0,0-0,2,FALSE,0,2-0,1,FALSE,3,1-0,1,FALSE,3,2-2,1,FALSE,0,2-1,2,FALSE,2,1-1,2,FALSE,3,2-2,2,FALSE,0,0-1,2,TRUE,4,2-2,1,FALSE,0,2-2,2,FALSE,0,1-1,2,TRUE,6,3-1,X,FALSE,3,0-1,X,FALSE,2,2-2,2,FALSE,0,2-1,2,FALSE,2,1,1,2,0,3,0,4,1,4,0,3,0,1,1,2,1,3,1,4,0,1,0,2,1,3,0,4,1,2,1,1,0,3,0,4,1,1,1,2,0,4,0,2,1,3,0,1,0,4,1,2,0,3,1,1,0,1,1,3,0,4,0,2,1,4,1,2,0,3,1,1,0,2,1,1,0,4,0,3,0,4,1,2,1,1,1,3,1,4,1,2,1,3,0,1,0,Bolivia,6,Iran,6,Panama,0,Ecuador,0,Australia,0,Sudafrica,0,Colombia,6,Argelia,0,Espana,6,Francia,0,Tunez,6,Suiza,6,Jordania,0,Alemania,6,Austria,0,Italia,6,Marruecos,0,Mexico,0,Uzbekistan,6,Haiti,0,Qatar,6,Suecia,0,Escocia,0,Belgica,6,Paraguay,6,Ghana,6,Irlanda,0,Corea,0,CostaMarfil,6,CaboVerde,0,Japon,6,Holanda,6,Ghana,10,Turquia,0,CaboVerde,10,Panama,0,Croacia,0,Alemania,0,Portugal,0,Corea,0,CostaMarfil,0,Haiti,0,Espana,0,Ecuador,10,Australia,0,Suecia,0,Jamaica,10,USA,0,Uzbekistan,15,Irlanda,0,Noruega,0,Jordania,0,Francia,15,Alemania,0,Turquia,0,Iran,15,Holanda,,Croacia,0,Alemania,,Escocia,,Colombia,,Tunez,,Croacia,,Irlanda,,Iran,0,Mbappe,,Mbappe,20,Maignan,,Foden,0,Pedri,,Olmo,,Senegal,,Holanda,,7,,Morata,
Sara Campos,353,163,170,20,2-0,2,FALSE,2,2-1,1,FALSE,0,0-0,2,FALSE,0,1-1,1,FALSE,2,2-0,X,TRUE,6,0-0,1,FALSE,2,1-1,2,FALSE,0,1-1,X,TRUE,6,0-1,1,FALSE,0,2-0,X,FALSE,2,2-2,1,FALSE,3,1-0,X,FALSE,2,2-0,X,TRUE,4,2-1,2,FALSE,0,0-0,1,FALSE,2,1-0,X,FALSE,3,2-0,X,FALSE,2,0-1,X,FALSE,2,0-1,1,FALSE,2,3-1,2,FALSE,3,3-1,X,FALSE,3,2-1,2,FALSE,0,2-1,1,TRUE,0,3-1,2,FALSE,3,2-1,2,FALSE,3,2-2,1,FALSE,0,2-1,1,FALSE,2,2-0,X,FALSE,3,2-0,X,FALSE,2,0-1,1,TRUE,0,0-1,X,FALSE,3,0-0,1,FALSE,0,0-1,2,TRUE,4,3-1,1,FALSE,2,3-1,1,FALSE,2,0-1,X,FALSE,3,0-0,2,FALSE,0,0-1,2,FALSE,2,2-1,2,FALSE,2,0-1,1,TRUE,6,2-0,1,FALSE,0,2-2,2,FALSE,2,2-2,1,FALSE,2,2-0,2,TRUE,6,0-0,X,FALSE,2,3-1,1,FALSE,2,2-0,1,FALSE,2,1-1,1,FALSE,2,2-1,1,TRUE,4,0-0,X,FALSE,3,1-1,1,FALSE,0,3-1,2,FALSE,3,2-0,X,FALSE,0,1-0,2,FALSE,2,2-1,2,FALSE,0,2-2,2,TRUE,6,1-0,1,FALSE,0,0-0,2,FALSE,3,1-0,X,FALSE,2,0-0,1,FALSE,2,2-0,1,FALSE,2,2-0,2,FALSE,3,0-1,1,FALSE,0,2-0,2,FALSE,0,3-1,2,FALSE,0,1-1,1,TRUE,0,1-0,1,TRUE,4,0-1,X,FALSE,0,2-0,2,FALSE,0,1-0,X,FALSE,2,0-1,2,FALSE,2,1-1,1,FALSE,2,4,1,2,0,1,1,3,0,1,1,2,0,3,0,4,0,4,1,3,0,1,0,2,1,1,0,2,0,4,1,3,0,1,1,3,0,4,1,2,0,1,1,3,0,4,1,2,0,1,0,4,1,2,1,3,0,4,0,3,0,1,1,2,1,2,0,4,1,3,1,1,0,1,0,3,1,2,0,4,1,3,1,2,1,1,0,4,1,3,0,1,0,2,0,4,1,Australia,0,Suiza,0,Croacia,6,Sudafrica,6,ArabiaSaudi,6,Holanda,6,NuevaZelanda,6,Senegal,0,Tunez,0,Curazao,6,Ghana,6,Inglaterra,6,Ecuador,0,Turquia,6,Suecia,6,Canada,0,Uruguay,6,Alemania,0,Jordania,0,Egipto,0,Corea,6,Escocia,6,Colombia,0,Iran,0,CaboVerde,0,Noruega,0,Panama,0,Haiti,0,Francia,0,Japon,6,Qatar,0,USA,6,Mexico,0,NuevaZelanda,0,Curazao,0,Holanda,0,Italia,0,Paraguay,0,Corea,10,Noruega,10,Escocia,0,Suiza,0,Ecuador,0,Turquia,0,Uzbekistan,10,Ghana,0,Francia,10,Senegal,10,Canada,15,ArabiaSaudi,0,Colombia,0,Belgica,15,Argelia,0,Sudafrica,0,Portugal,0,Holanda,0,Inglaterra,,ArabiaSaudi,,Escocia,,Noruega,,Croacia,,Colombia,,Marruecos,,Bolivia,,NuevaZelanda,0,Bellingham,,Bellingham,,Maignan,20,Foden,,Pedri,0,Nico Williams,,Japon,0,USA,0,23,,Morata,
Dani Paredes,359,136,203,20,2-2,2,TRUE,6,3-1,1,FALSE,2,0-1,X,FALSE,2,2-2,1,FALSE,2,1-0,X,FALSE,2,0-1,1,FALSE,3,2-1,1,FALSE,2,2-2,2,FALSE,0,2-2,1,TRUE,4,0-1,X,FALSE,0,3-1,2,FALSE,0,0-0,1,FALSE,0,2-1,X,FALSE,2,2-0,X,FALSE,2,3-1,1,FALSE,0,0-0,X,FALSE,3,0-0,X,TRUE,0,3-1,2,FALSE,3,1-1,2,FALSE,2,1-0,1,FALSE,3,3-1,2,FALSE,0,0-0,1,FALSE,3,1-1,1,TRUE,0,0-0,X,FALSE,3,3-1,2,TRUE,0,1-0,1,FALSE,0,2-1,1,FALSE,3,2-2,X,FALSE,3,2-2,X,FALSE,0,1-1,X,FALSE,3,0-0,2,FALSE,0,1-0,1,TRUE,0,2-2,1,FALSE,2,1-1,X,FALSE,0,0-0,1,FALSE,0,2-2,1,FALSE,0,1-0,1,FALSE,0,1-0,2,FALSE,2,2-0,X,FALSE,2,3-1,2,TRUE,0,1-1,2,FALSE,0,3-1,X,FALSE,0,0-0,2,FALSE,0,3-1,2,TRUE,6,2-0,X,FALSE,2,2-1,1,FALSE,0,1-0,2,FALSE,2,2-1,X,FALSE,3,2-1,X,FALSE,0,1-0,1,FALSE,2,3-1,X,FALSE,0,0-0,1,FALSE,2,2-0,1,FALSE,2,0-1,2,TRUE,6,0-0,1,FALSE,3,1-1,1,FALSE,3,3-1,2,FALSE,0,2-1,2,TRUE,4,0-1,X,FALSE,0,0-1,1,FALSE,3,2-1,1,FALSE,0,2-2,1,FALSE,2,2-1,1,TRUE,4,3-1,1,FALSE,3,1-1,1,FALSE,3,3-1,1,FALSE,2,3-1,2,FALSE,0,0-1,X,TRUE,0,1-1,1,FALSE,2,0-0,X,FALSE,0,3-1,X,FALSE,2,0-1,1,FALSE,3,2,0,4,0,3,1,1,1,3,0,2,1,1,0,4,0,3,0,4,1,1,0,2,0,4,1,3,0,1,0,2,1,2,0,3,1,1,0,4,1,3,1,1,1,2,0,4,1,3,0,2,0,4,1,1,0,1,1,4,0,3,0,2,0,4,1,1,0,3,0,2,1,2,0,1,1,4,0,3,0,4,0,2,1,3,1,1,0,2,0,3,0,4,0,1,0,Italia,0,Tunez,0,Panama,0,Haiti,0,Ecuador,6,Jordania,0,Mexico,0,Portugal,6,Canada,6,Belgica,0,Argentina,0,USA,6,Sudafrica,6,Colombia,0,CostaMarfil,6,Qatar,0,Uzbekistan,0,Espana,6,Senegal,6,Marruecos,0,Ghana,6,Inglaterra,0,Iran,0,Uruguay,0,Egipto,0,Alemania,6,Croacia,6,Austria,0,CaboVerde,6,Escocia,6,Corea,0,Irlanda,0,Colombia,0,NuevaZelanda,10,Brasil,0,Ghana,0,Turquia,0,Sudafrica,10,Uzbekistan,0,Curazao,0,Irlanda,0,Noruega,0,Uruguay,0,Italia,0,Inglaterra,10,Suiza,0,Croacia,10,Egipto,0,Holanda,15,Brasil,0,Portugal,0,Noruega,0,Argentina,0,Canada,0,Irlanda,0,Iran,15,Portugal,,Espana,0,Inglaterra,,Escocia,,Francia,25,Brasil,,Tunez,,Uruguay,30,Iran,,Rodri,0,Bellingham,,Unai Simon,,Mbappe,0,Musiala,20,Olmo,0,Japon,,Italia,,7,,Lamine Yamal,0
Lucia Navas,333,148,165,20,1-1,1,FALSE,2,1-0,1,TRUE,0,3-1,X,FALSE,0,1-0,1,FALSE,3,0-0,X,FALSE,0,2-0,1,FALSE,0,0-0,1,FALSE,3,2-1,2,FALSE,3,1-1,2,FALSE,0,1-0,1,FALSE,3,2-0,2,FALSE,0,1-1,2,TRUE,6,2-1,2,FALSE,2,1-0,2,FALSE,3,2-1,2,FALSE,0,2-0,1,FALSE,3,0-0,2,TRUE,0,2-1,2,FALSE,3,0-1,2,FALSE,2,3-1,2,FALSE,3,1-1,X,FALSE,3,2-2,1,TRUE,4,2-2,1,FALSE,3,0-1,1,FALSE,2,1-1,X,FALSE,3,2-0,2,FALSE,3,1-0,X,FALSE,2,2-2,X,FALSE,2,2-0,2,TRUE,6,3-1,1,FALSE,2,2-2,1,FALSE,3,3-1,2,FALSE,2,0-0,2,TRUE,4,1-0,X,FALSE,2,1-0,1,FALSE,0,2-2,2,FALSE,2,1-1,1,TRUE,4,2-1,X,FALSE,0,2-2,1,FALSE,0,2-2,2,FALSE,2,2-0,2,FALSE,3,0-1,X,FALSE,2,3-1,2,FALSE,0,3-1,1,FALSE,0,3-1,X,FALSE,0,1-1,1,TRUE,0,0-0,1,FALSE,2,0-0,1,FALSE,2,0-1,1,FALSE,0,1-0,1,FALSE,2,3-1,X,FALSE,0,3-1,X,FALSE,2,0-1,2,FALSE,2,0-0,X,TRUE,6,2-2,X,TRUE,0,2-2,X,FALSE,2,0-0,1,FALSE,2,2-0,2,FALSE,0,2-2,1,FALSE,0,2-2,X,FALSE,3,3-1,2,FALSE,2,3-1,X,FALSE,2,1-1,2,FALSE,0,2-0,X,FALSE,2,2-2,2,TRUE,4,2-0,X,FALSE,0,0-0,1,FALSE,3,0-1,2,FALSE,2,0-1,X,FALSE,0,0-1,X,FALSE,2,0-0,2,TRUE,0,2-1,2,FALSE,0,4,0,1,1,3,1,2,0,4,0,3,0,2,1,1,0,4,0,3,1,2,1,1,0,1,0,4,0,2,1,3,0,2,0,3,0,4,0,1,0,1,1,4,0,2,1,3,1,4,0,1,1,3,0,2,0,3,0,2,0,1,1,4,0,1,1,2,1,3,0,4,0,3,0,4,1,2,0,1,0,1,0,3,0,2,1,4,1,3,1,1,0,2,1,4,0,NuevaZelanda,0,Japon,0,Ecuador,0,Escocia,6,ArabiaSaudi,6,Irlanda,0,Jamaica,6,CaboVerde,0,Corea,0,Belgica,6,Croacia,6,Espana,0,Suecia,0,Francia,0,Jordania,0,Mexico,0,Ghana,0,Brasil,6,Italia,0,Qatar,6,Uruguay,6,Panama,0,Tunez,6,Inglaterra,0,Uzbekistan,6,Noruega,0,Australia,6,Senegal,6,Colombia,6,Argentina,6,Bolivia,0,Sudafrica,6,Egipto,10,Irlanda,0,Francia,10,ArabiaSaudi,0,Ecuador,10,Holanda,0,Colombia,0,Jamaica,0,Austria,10,Portugal,10,USA,0,Tunez,0,Croacia,0,Italia,0,Jordania,10,Espana,0,Espana,0,Suiza,0,Marruecos,0,Uruguay,15,CaboVerde,0,Australia,0,Iran,0,Corea,0,Irlanda,,Marruecos,,Panama,,Austria,0,Australia,,Colombia,,Corea,0,Brasil,,Uruguay,0,Musiala,,Musiala,,Alisson,0,Foden,20,Foden,,Lamine Yamal,,Colombia,,Italia,,23,,Pedri,
Ivan Rojo,287,146,141,0,3-1,X,FALSE,2,1-1,1,FALSE,0,2-1,X,TRUE,0,1-1,2,FALSE,2,2-0,2,FALSE,3,2-1,2,FALSE,3,1-1,X,TRUE,6,2-1,X,FALSE,2,0-1,1,FALSE,0,1-0,X,FALSE,2,1-0,X,FALSE,0,1-0,X,FALSE,3,3-1,X,FALSE,2,2-0,2,FALSE,2,0-1,1,FALSE,2,3-1,X,FALSE,3,1-1,1,FALSE,3,2-0,X,TRUE,6,1-0,2,FALSE,3,2-2,1,FALSE,2,1-1,1,FALSE,3,2-2,1,FALSE,0,2-1,1,FALSE,2,2-2,X,TRUE,4,1-1,1,FALSE,0,2-2,2,FALSE,3,2-0,2,FALSE,2,0-1,2,FALSE,0,0-1,2,FALSE,0,3-1,X,TRUE,4,2-2,1,FALSE,3,0-1,2,FALSE,0,2-2,1,FALSE,0,0-1,X,FALSE,2,1-1,X,TRUE,4,1-0,X,FALSE,2,3-1,X,TRUE,0,1-1,2,FALSE,3,2-1,2,FALSE,2,0-0,2,FALSE,0,0-0,2,FALSE,0,2-2,X,FALSE,0,2-0,X,FALSE,0,1-0,2,FALSE,0,3-1,1,FALSE,3,2-2,1,FALSE,0,2-0,X,FALSE,2,3-1,2,TRUE,4,0-1,1,FALSE,0,1-0,2,FALSE,3,2-0,2,TRUE,0,0-0,1,FALSE,2,0-0,1,FALSE,2,3-1,2,FALSE,2,3-1,X,FALSE,2,0-1,2,FALSE,2,2-2,X,FALSE,0,1-1,1,FALSE,0,0-0,2,FALSE,3,0-0,1,TRUE,4,2-1,X,FALSE,3,2-1,1,TRUE,0,3-1,1,FALSE,2,0-0,1,FALSE,0,1-1,2,FALSE,3,3-1,X,FALSE,0,2-1,1,FALSE,0,2-2,1,FALSE,0,1-0,2,FALSE,3,2-2,X,TRUE,6,2-0,1,FALSE,2,3-1,2,FALSE,2,3,0,1,0,2,1,4,1,2,0,3,0,1,1,4,0,4,0,2,0,1,0,3,0,1,1,2,1,4,0,3,0,2,0,3,1,4,0,1,0,3,1,4,0,2,0,1,0,2,1,3,1,1,1,4,0,2,1,1,0,4,0,3,0,2,0,3,1,4,1,1,1,2,0,3,0,4,0,1,0,4,0,1,0,3,0,2,0,4,0,1,1,2,1,3,0,Belgica,6,Argelia,6,Australia,0,Senegal,6,Sudafrica,6,NuevaZelanda,0,Jamaica,0,Austria,0,Curazao,0,CaboVerde,6,Inglaterra,0,Portugal,0,Suecia,0,Irlanda,0,Bolivia,6,Ecuador,6,Canada,0,ArabiaSaudi,0,Holanda,6,Panama,0,Escocia,0,Argentina,6,Corea,6,Italia,0,Alemania,0,Jordania,0,Croacia,0,Turquia,6,Egipto,0,Uzbekistan,0,Noruega,0,Mexico,0,Francia,0,Haiti,0,Portugal,0,Italia,0,Turquia,0,Mexico,0,Jamaica,0,Egipto,0,Ecuador,0,Bolivia,0,Qatar,10,Uzbekistan,0,Sudafrica,0,Croacia,0,Corea,0,Argelia,0,Turquia,0,Francia,0,Suecia,15,Haiti,15,CaboVerde,0,Irlanda,0,Panama,15,Curazao,0,Croacia,0,Iran,,Tunez,20,Noruega,0,Argelia,,Suecia,,Senegal,,Holanda,,Belgica,,Mbappe,,Mbappe,,Unai Simon,,Vinicius,,Pedri,,Nico Williams,,Croacia,,Holanda,,12,,Nico Williams,
Paula Gil,327,149,178,0,0-0,1,TRUE,0,2-1,X,FALSE,2,2-2,1,FALSE,0,0-1,X,FALSE,2,1-0,X,FALSE,0,2-1,1,FALSE,0,1-0,1,FALSE,3,1-1,X,FALSE,2,3-1,1,FALSE,3,2-1,1,FALSE,2,1-1,1,TRUE,4,2-2,2,FALSE,2,3-1,2,TRUE,0,1-1,1,FALSE,0,3-1,X,FALSE,2,2-2,X,FALSE,3,2-1,2,FALSE,3,2-0,1,FALSE,0,1-0,X,FALSE,0,1-0,1,FALSE,3,2-0,X,FALSE,0,0-1,2,FALSE,3,2-0,2,TRUE,4,2-1,2,FALSE,3,2-1,X,FALSE,3,0-1,1,FALSE,3,1-1,2,TRUE,6,3-1,1,FALSE,3,1-1,X,FALSE,2,3-1,X,FALSE,2,1-0,2,FALSE,0,3-1,2,FALSE,0,2-2,2,FALSE,0,1-1,2,FALSE,3,1-0,X,FALSE,2,2-1,X,TRUE,0,0-0,X,FALSE,2,0-1,1,FALSE,0,2-0,2,FALSE,0,3-1,X,FALSE,0,3-1,2,FALSE,3,2-1,1,TRUE,0,2-2,1,FALSE,3,3-1,1,FALSE,2,1-1,1,FALSE,2,1-0,1,FALSE,0,2-1,2,FALSE,3,2-0,1,TRUE,6,2-0,2,TRUE,4,3-1,1,FALSE,3,0-0,X,FALSE,2,2-2,X,FALSE,0,3-1,X,FALSE,2,0-0,2,FALSE,0,2-2,2,FALSE,2,0-0,X,FALSE,0,1-0,2,TRUE,6,2-1,2,FALSE,2,1-0,1,FALSE,0,0-1,X,FALSE,0,1-0,1,FALSE,2,0-0,2,FALSE,3,0-1,X,FALSE,0,3-1,1,FALSE,3,0-0,X,FALSE,2,2-1,1,TRUE,6,3-1,1,FALSE,2,1-0,1,FALSE,3,0-0,X,FALSE,0,1-0,1,FALSE,0,3-1,1,TRUE,0,2-2,1,FALSE,0,4,1,1,1,3,1,2,0,2,0,4,0,3,0,1,0,4,0,3,1,1,1,2,1,4,0,1,1,3,0,2,1,1,1,2,1,3,1,4,1,1,1,2,0,3,0,4,1,1,1,2,0,4,0,3,0,3,0,4,0,2,0,1,0,3,0,4,1,2,0,1,0,1,0,2,0,3,1,4,1,3,0,1,0,4,1,2,1,4,0,1,0,3,1,2,0,Alemania,6,NuevaZelanda,0,Australia,0,Curazao,0,Ecuador,0,Austria,0,Turquia,0,Jamaica,0,Uruguay,6,Croacia,6,Iran,0,Jordania,0,Corea,6,Inglaterra,6,Irlanda,6,CaboVerde,0,ArabiaSaudi,0,Haiti,6,Panama,6,Brasil,0,Argentina,6,Italia,0,Bolivia,0,Francia,6,Qatar,6,Portugal,0,Argelia,0,Colombia,0,Ghana,0,Senegal,0,Holanda,6,USA,6,Suiza,10,ArabiaSaudi,10,Noruega,0,Curazao,10,Escocia,0,Alemania,0,Haiti,0,Bolivia,0,Tunez,10,Austria,10,Australia,0,Croacia,10,Inglaterra,10,Uzbekistan,0,Egipto,10,Brasil,0,Canada,0,Japon,0,Brasil,0,Panama,0,ArabiaSaudi,0,Curazao,0,Iran,0,USA,0,Brasil,,Marruecos,0,CostaMarfil,20,Portugal,,Iran,,Bolivia,,Curazao,0,USA,0,Mexico,,Lamine Yamal,0,Foden,,Unai Simon,0,Foden,,Musiala,,Lamine Yamal,,Colombia,0,Holanda,,42,,Olmo,
Mario Costa,314,148,146,20,0-0,1,FALSE,3,1-1,X,FALSE,3,2-0,2,FALSE,3,2-1,X,FALSE,2,1-0,X,FALSE,0,1-0,2,TRUE,6,2-2,X,FALSE,0,2-1,2,FALSE,0,0-0,1,TRUE,4,3-1,X,FALSE,0,2-2,1,FALSE,2,0-0,X,FALSE,0,0-1,2,FALSE,3,3-1,X,TRUE,0,2-1,2,FALSE,3,1-1,X,FALSE,3,1-1,1,FALSE,3,1-0,1,FALSE,0,2-2,1,FALSE,0,0-0,2,FALSE,0,3-1,X,FALSE,0,0-0,2,FALSE,2,3-1,2,TRUE,0,1-0,X,FALSE,2,0-0,2,FALSE,0,2-2,1,FALSE,3,0-1,1,FALSE,0,0-0,X,TRUE,0,0-0,X,FALSE,3,1-0,1,FALSE,3,1-1,2,TRUE,0,2-2,2,FALSE,0,0-1,X,FALSE,2,2-1,2,FALSE,0,2-2,X,FALSE,0,2-1,1,FALSE,0,0-0,X,FALSE,2,0-0,X,TRUE,0,2-1,1,FALSE,2,2-0,2,FALSE,2,0-0,1,FALSE,3,2-2,X,FALSE,3,1-0,2,FALSE,2,1-1,X,FALSE,3,0-1,2,FALSE,2,1-1,X,TRUE,0,0-1,2,FALSE,2,0-1,1,FALSE,2,3-1,X,FALSE,2,2-1,2,FALSE,2,0-0,1,FALSE,0,1-0,X,FALSE,0,2-2,1,TRUE,4,0-0,1,FALSE,2,2-1,1,FALSE,2,0-0,1,FALSE,3,3-1,2,TRUE,6,1-1,X,FALSE,0,0-0,2,FALSE,3,2-2,2,FALSE,3,2-1,2,TRUE,0,2-1,1,FALSE,2,2-1,2,FALSE,2,2-1,2,FALSE,3,0-1,1,FALSE,2,0-0,1,FALSE,3,2-1,1,TRUE,4,1-1,1,FALSE,0,1-1,2,FALSE,2,2-1,1,FALSE,2,2-2,2,FALSE,2,1-1,2,FALSE,0,3,1,1,0,2,0,4,1,3,1,2,1,1,0,4,0,3,1,2,1,1,0,4,0,2,0,1,1,4,1,3,1,1,1,3,1,4,0,2,1,3,0,4,0,2,1,1,1,1,1,3,1,2,0,4,1,4,0,2,1,1,0,3,0,1,0,2,1,4,1,3,1,2,1,1,1,3,0,4,0,4,1,1,0,3,0,2,1,3,0,4,0,2,0,1,1,Australia,0,CostaMarfil,6,Curazao,0,Escocia,6,Argentina,6,Suiza,0,Sudafrica,0,Holanda,6,Egipto,0,Portugal,0,Noruega,0,CaboVerde,0,Uzbekistan,6,ArabiaSaudi,0,Espana,6,Paraguay,6,Corea,6,Irlanda,6,Japon,6,Turquia,6,Croacia,0,Mexico,0,Marruecos,6,Uruguay,6,Inglaterra,0,Jamaica,0,Austria,0,Tunez,6,Brasil,6,Canada,0,Panama,6,Suecia,0,Senegal,0,CostaMarfil,10,Iran,0,Bolivia,0,Italia,0,Curazao,10,Suiza,0,Austria,0,NuevaZelanda,0,Sudafrica,0,Japon,0,Argelia,10,ArabiaSaudi,0,Noruega,0,Portugal,0,Haiti,0,Uzbekistan,0,Argentina,0,Italia,0,Sudafrica,0,Argelia,0,Irlanda,0,Suiza,0,Uruguay,0,USA,0,Mexico,20,Panama,0,Austria,,ArabiaSaudi,,CaboVerde,0,Jamaica,0,Mexico,,Tunez,0,Vinicius,,Mbappe,20,Alisson,,Pedri,,Lamine Yamal,,Lamine Yamal,,Uruguay,,Alemania,,23,,Olmo,0
Elena Mena,406,169,237,0,1-0,X,FALSE,3,2-2,X,FALSE,2,3-1,X,FALSE,0,1-0,1,TRUE,0,2-1,1,FALSE,2,3-1,X,FALSE,2,1-1,X,TRUE,4,2-2,X,FALSE,2,1-0,X,FALSE,0,1-1,X,FALSE,3,0-0,X,FALSE,2,3-1,1,FALSE,2,1-0,1,FALSE,3,1-0,1,FALSE,3,1-1,1,FALSE,2,0-1,1,FALSE,0,2-1,2,TRUE,0,2-0,1,FALSE,0,2-0,X,TRUE,6,1-1,X,FALSE,3,0-0,1,FALSE,0,2-0,2,FALSE,2,1-1,2,FALSE,2,0-1,2,FALSE,3,2-1,2,FALSE,0,0-0,1,FALSE,0,1-1,X,TRUE,6,2-1,1,FALSE,2,2-1,2,FALSE,0,1-1,2,FALSE,2,2-0,X,TRUE,4,1-1,X,FALSE,2,2-0,2,FALSE,2,1-1,2,FALSE,0,2-0,2,FALSE,2,2-1,2,FALSE,2,1-1,X,FALSE,3,0-1,X,FALSE,2,2-1,1,FALSE,0,1-0,2,FALSE,2,1-0,X,FALSE,2,0-1,X,TRUE,6,2-1,X,FALSE,0,2-2,1,TRUE,4,1-0,1,FALSE,0,2-0,2,FALSE,3,3-1,1,FALSE,2,2-0,2,FALSE,0,0-0,1,TRUE,0,2-2,1,FALSE,0,2-2,X,FALSE,2,2-0,1,FALSE,2,1-1,2,FALSE,0,2-2,2,FALSE,3,0-1,2,TRUE,6,2-2,2,FALSE,2,3-1,X,FALSE,3,2-0,X,FALSE,3,2-1,X,FALSE,2,1-0,X,FALSE,2,1-0,2,FALSE,0,2-1,1,FALSE,0,0-0,1,TRUE,6,3-1,1,FALSE,3,2-2,2,FALSE,2,1-1,X,FALSE,2,1-0,X,FALSE,0,2-1,2,FALSE,0,2-2,2,FALSE,2,0-1,1,FALSE,3,0-0,2,FALSE,2,1-1,2,TRUE,6,3,1,4,1,2,1,1,1,2,1,3,1,1,0,4,1,4,0,3,1,2,1,1,0,3,0,2,0,1,0,4,0,1,1,2,1,3,0,4,1,4,0,2,1,1,1,3,1,3,0,1,0,2,1,4,0,4,1,2,1,1,1,3,0,1,1,4,0,3,0,2,1,1,1,2,0,4,0,3,1,3,1,1,0,4,0,2,1,1,1,4,0,2,0,3,0,Austria,6,Uruguay,6,Espana,6,Ghana,0,Escocia,0,NuevaZelanda,6,Curazao,0,Argentina,6,Haiti,6,Portugal,6,Noruega,6,Australia,0,Jordania,6,USA,6,CostaMarfil,0,CaboVerde,0,Italia,0,Alemania,6,Canada,6,Jamaica,6,Iran,6,Corea,6,Croacia,6,Colombia,6,Argelia,6,Senegal,6,ArabiaSaudi,0,Bolivia,6,Tunez,0,Ecuador,0,Paraguay,6,Japon,6,Senegal,0,Australia,0,Noruega,0,Brasil,0,Ecuador,10,Uzbekistan,0,Suiza,0,Qatar,10,Irlanda,0,Italia,0,Belgica,0,ArabiaSaudi,0,NuevaZelanda,0,Portugal,10,Sudafrica,10,Tunez,0,Ghana,0,Portugal,0,Turquia,15,Tunez,0,CaboVerde,15,Holanda,0,Argentina,0,Francia,15,Inglaterra,,Australia,,Jordania,,Brasil,20,Portugal,,Uruguay,0,Italia,,USA,,Brasil,,Mbappe,,Foden,,Unai Simon,,Musiala,,Bellingham,,Morata,,Japon,,Holanda,,12,,Pedri,
Javi Ruiz,334,137,187,10,2-0,1,FALSE,3,2-2,2,FALSE,3,1-0,X,TRUE,0,1-0,1,FALSE,0,2-0,X,FALSE,0,0-1,1,FALSE,2,0-0,2,TRUE,0,2-2,2,FALSE,0,1-1,2,FALSE,2,2-0,2,FALSE,3,0-1,1,FALSE,0,3-1,2,FALSE,2,1-0,1,FALSE,3,1-1,2,FALSE,0,1-1,X,TRUE,4,3-1,1,FALSE,0,2-2,2,FALSE,0,1-0,X,FALSE,3,2-2,X,FALSE,0,2-2,X,TRUE,4,2-2,2,FALSE,3,0-1,1,FALSE,3,2-1,X,FALSE,2,3-1,2,FALSE,2,2-1,X,FALSE,0,2-2,2,FALSE,2,2-1,2,FALSE,0,0-1,1,FALSE,0,0-0,X,TRUE,4,1-1,1,FALSE,0,0-1,1,FALSE,0,1-1,2,FALSE,3,2-2,1,TRUE,0,2-1,1,FALSE,3,1-0,2,FALSE,3,2-2,2,FALSE,0,0-1,1,FALSE,3,1-0,X,FALSE,3,1-1,1,FALSE,0,1-1,1,TRUE,0,0-0,2,FALSE,3,2-2,1,FALSE,3,1-1,2,FALSE,2,2-0,X,FALSE,2,0-1,X,FALSE,3,0-0,X,TRUE,0,0-0,2,FALSE,0,1-1,2,FALSE,0,2-2,2,FALSE,3,3-1,2,FALSE,3,2-0,2,FALSE,2,2-1,X,TRUE,6,2-0,1,FALSE,2,1-1,2,FALSE,0,0-0,1,FALSE,2,1-0,2,FALSE,2,0-1,2,FALSE,2,2-2,1,FALSE,0,0-1,2,TRUE,4,2-0,1,FALSE,0,0-1,1,FALSE,0,1-1,2,FALSE,0,2-1,2,TRUE,0,2-0,1,FALSE,2,0-0,1,FALSE,0,0-0,2,FALSE,3,0-0,1,FALSE,0,2-0,1,FALSE,3,2-0,X,FALSE,2,0-1,X,TRUE,6,1-1,2,FALSE,2,0-1,X,FALSE,3,4,1,1,0,3,0,2,0,4,1,3,0,1,0,2,1,3,0,4,1,2,0,1,0,2,1,3,1,4,0,1,0,3,0,1,0,2,0,4,0,3,1,1,0,2,0,4,0,4,0,3,1,1,1,2,1,2,1,3,0,4,0,1,0,2,0,3,0,4,0,1,1,1,0,3,0,4,1,2,1,2,0,3,0,4,1,1,0,4,0,1,1,3,0,2,1,Curazao,0,Sudafrica,0,ArabiaSaudi,6,Marruecos,6,Senegal,6,Portugal,0,Escocia,6,Alemania,6,Ecuador,6,Uzbekistan,6,Japon,6,Brasil,6,Mexico,0,Suiza,0,Jamaica,6,Espana,6,Ghana,0,Iran,6,Turquia,6,Holanda,0,Colombia,6,Corea,0,Inglaterra,6,NuevaZelanda,6,Francia,0,Paraguay,0,Jordania,0,USA,0,Irlanda,0,Tunez,6,Uruguay,0,Argelia,0,Alemania,10,Japon,0,Irlanda,0,Francia,0,Portugal,0,Noruega,0,Bolivia,0,USA,0,Haiti,0,ArabiaSaudi,0,Jordania,0,Holanda,0,Espana,10,Iran,10,Brasil,0,Escocia,10,Ghana,0,Corea,0,Portugal,0,Austria,0,Holanda,15,Irlanda,0,Alemania,15,Haiti,15,Canada,,Marruecos,0,Suecia,0,Escocia,,Argelia,0,Belgica,,Corea,0,Suiza,,Japon,,Mbappe,,Musiala,0,Unai Simon,,Mbappe,,Lamine Yamal,,Lamine Yamal,,Colombia,,Portugal,10,18,,Morata,
Carla Nieto,295,149,146,0,2-0,X,FALSE,3,3-1,X,FALSE,2,2-2,1,FALSE,0,2-1,2,FALSE,3,2-0,X,TRUE,0,2-0,1,FALSE,3,3-1,X,FALSE,3,2-2,2,FALSE,3,0-1,2,FALSE,0,2-2,X,FALSE,0,0-1,X,FALSE,3,1-0,X,TRUE,0,2-0,2,TRUE,4,0-1,X,FALSE,0,1-1,X,FALSE,2,1-1,X,FALSE,0,2-1,2,FALSE,2,1-1,X,FALSE,0,0-0,2,FALSE,0,3-1,2,FALSE,3,2-1,2,TRUE,0,2-0,2,FALSE,0,2-1,1,FALSE,2,1-0,2,FALSE,3,2-2,X,FALSE,3,2-1,1,FALSE,0,3-1,X,FALSE,0,2-0,X,TRUE,0,3-1,1,FALSE,2,2-2,1,FALSE,2,0-0,2,FALSE,3,0-0,X,FALSE,0,2-2,1,TRUE,6,0-0,X,FALSE,2,1-0,X,FALSE,0,2-2,2,FALSE,0,0-1,X,FALSE,0,0-1,X,FALSE,2,2-2,X,TRUE,4,3-1,X,FALSE,3,1-0,X,FALSE,3,1-0,1,FALSE,0,1-1,1,TRUE,6,2-2,1,FALSE,0,2-1,2,FALSE,3,0-1,2,FALSE,3,0-0,X,FALSE,3,0-0,1,FALSE,0,1-0,X,FALSE,0,2-2,X,FALSE,2,1-1,2,TRUE,4,1-1,X,FALSE,3,2-2,2,FALSE,2,1-0,2,FALSE,2,3-1,2,FALSE,2,2-0,X,FALSE,3,3-1,1,FALSE,0,2-0,2,FALSE,0,2-1,2,TRUE,4,2-1,2,FALSE,0,0-0,1,FALSE,0,2-1,X,FALSE,3,2-1,X,FALSE,0,2-1,2,TRUE,6,0-1,X,FALSE,3,1-1,2,FALSE,0,2-1,X,FALSE,2,3-1,2,TRUE,4,2-2,1,FALSE,0,2-2,1,FALSE,2,1-0,1,FALSE,2,1-0,2,FALSE,0,4,1,3,0,1,0,2,1,4,1,1,1,3,1,2,0,3,1,2,1,4,0,1,0,3,1,2,1,1,1,4,0,3,0,1,0,2,1,4,1,4,1,2,0,3,1,1,0,1,1,3,0,2,0,4,1,3,1,4,1,2,0,1,0,4,0,2,0,1,0,3,1,4,1,1,0,2,0,3,0,2,1,3,1,1,1,4,0,4,0,2,0,3,0,1,1,Jordania,6,Bolivia,0,Suecia,0,USA,6,Italia,0,Croacia,6,Panama,0,Noruega,0,Ghana,0,Iran,0,Paraguay,0,Holanda,0,Belgica,0,Uzbekistan,0,Canada,0,Irlanda,6,Egipto,0,Alemania,0,Austria,6,Argelia,6,ArabiaSaudi,0,Mexico,6,Jamaica,6,CaboVerde,0,NuevaZelanda,6,Turquia,0,Portugal,6,Brasil,0,Curazao,0,Escocia,0,Tunez,6,Uruguay,0,Curazao,10,Alemania,10,NuevaZelanda,0,Belgica,10,Noruega,0,Mexico,0,Qatar,0,Egipto,0,Tunez,0,Turquia,0,Marruecos,0,Jamaica,10,Australia,0,Croacia,0,Suecia,0,Ghana,10,Sudafrica,15,Egipto,0,Francia,15,Escocia,0,Turquia,0,Haiti,0,Espana,0,Belgica,0,Irlanda,,Argelia,0,Ghana,,Australia,,Marruecos,,NuevaZelanda,0,CaboVerde,,Ghana,0,CaboVerde,,Rodri,,Vinicius,,Donnarumma,,Lamine Yamal,,Lamine Yamal,,Lamine Yamal,,Croacia,,Holanda,,42,,Pedri,
Aitor Sanz,317,136,181,0,2-0,1,FALSE,2,0-1,2,TRUE,4,2-2,1,FALSE,0,1-1,1,FALSE,0,1-0,X,FALSE,3,3-1,X,FALSE,3,2-1,1,FALSE,3,1-1,2,FALSE,3,2-2,1,FALSE,0,2-0,1,FALSE,0,1-0,X,FALSE,3,0-0,1,TRUE,0,3-1,X,FALSE,0,2-1,1,FALSE,0,3-1,2,FALSE,0,2-1,2,FALSE,0,2-1,1,FALSE,2,1-0,1,TRUE,0,0-0,X,FALSE,3,1-0,X,TRUE,0,3-1,1,FALSE,3,3-1,2,FALSE,0,1-1,1,FALSE,2,2-2,1,FALSE,2,2-0,1,FALSE,0,2-1,1,TRUE,4,0-1,1,FALSE,0,2-0,X,FALSE,2,0-1,1,FALSE,3,1-1,X,FALSE,0,2-1,2,FALSE,3,2-0,X,FALSE,2,1-0,2,FALSE,2,2-0,2,FALSE,0,0-1,X,TRUE,0,0-1,1,FALSE,0,0-1,2,FALSE,3,0-0,1,FALSE,2,0-0,X,FALSE,3,2-2,2,FALSE,3,1-0,2,TRUE,4,1-1,X,FALSE,3,0-0,X,TRUE,4,0-1,X,FALSE,2,2-1,1,FALSE,3,0-0,1,FALSE,2,2-2,2,FALSE,2,0-0,2,FALSE,2,2-2,2,FALSE,0,2-2,2,FALSE,0,3-1,1,FALSE,3,0-1,X,TRUE,0,2-2,1,FALSE,0,1-0,2,FALSE,0,0-0,1,FALSE,3,2-1,1,FALSE,0,1-1,X,FALSE,0,0-0,X,TRUE,0,2-1,X,FALSE,0,2-2,X,FALSE,2,1-0,1,FALSE,0,2-1,X,FALSE,3,0-1,1,FALSE,2,2-0,X,FALSE,3,2-0,2,FALSE,0,2-0,X,TRUE,4,1-0,1,FALSE,0,2-2,2,FALSE,3,3-1,X,FALSE,0,1-1,2,FALSE,0,2-1,1,TRUE,4,1-1,1,FALSE,3,1,0,2,1,3,0,4,1,2,1,3,0,1,1,4,1,1,1,3,1,2,1,4,0,4,1,2,0,3,0,1,0,2,0,3,1,4,0,1,0,2,0,1,0,3,0,4,0,1,0,2,0,4,0,3,1,2,1,3,1,1,0,4,0,4,1,2,1,1,0,3,1,2,1,1,0,4,1,3,1,1,1,4,1,2,1,3,1,2,0,4,1,1,0,3,0,Holanda,6,Qatar,6,Turquia,6,Italia,6,Panama,0,Senegal,6,Argelia,0,Argentina,0,CaboVerde,6,USA,0,Paraguay,6,Uzbekistan,6,Japon,6,Noruega,6,ArabiaSaudi,6,Ecuador,0,Egipto,6,Belgica,6,NuevaZelanda,6,Francia,0,Mexico,0,Tunez,0,Portugal,0,Iran,0,Jamaica,6,Bolivia,0,Suecia,0,Colombia,6,Sudafrica,0,Haiti,0,CostaMarfil,0,Ghana,0,Colombia,0,Holanda,0,Turquia,0,Panama,10,Escocia,10,Alemania,10,Ecuador,10,Francia,10,Curazao,0,Egipto,0,Ghana,0,Japon,0,CaboVerde,0,Senegal,0,Qatar,0,Iran,10,NuevaZelanda,0,Espana,0,Marruecos,0,Colombia,0,Uzbekistan,0,Irlanda,0,Alemania,0,Austria,0,Irlanda,,ArabiaSaudi,,Argelia,0,NuevaZelanda,,Colombia,25,Francia,,Croacia,,Senegal,,Holanda,,Pedri,0,Rodri,,Alisson,0,Rodri,,Mbappe,,Lamine Yamal,0,Colombia,,Alemania,0,42,,Pedri,
Miriam Cano,318,149,169,0,2-1,2,FALSE,0,2-2,2,FALSE,0,2-2,2,FALSE,2,0-1,X,FALSE,2,1-1,X,TRUE,6,2-0,2,FALSE,2,2-2,2,FALSE,0,3-1,X,FALSE,0,1-0,X,FALSE,2,3-1,X,FALSE,0,2-2,1,FALSE,0,0-1,2,TRUE,0,2-2,2,FALSE,0,3-1,X,FALSE,2,2-1,1,FALSE,0,2-1,X,FALSE,0,0-1,X,FALSE,2,2-2,X,TRUE,6,2-2,X,FALSE,3,2-0,X,FALSE,3,0-1,2,FALSE,3,2-0,X,TRUE,4,1-1,2,FALSE,0,1-0,2,FALSE,2,0-0,2,FALSE,0,2-2,1,TRUE,6,0-1,X,FALSE,3,1-0,2,FALSE,0,2-1,X,FALSE,2,1-1,2,FALSE,2,2-1,X,FALSE,3,0-1,X,FALSE,2,2-1,1,FALSE,0,0-0,2,FALSE,0,2-2,X,FALSE,0,2-0,X,TRUE,0,2-1,1,FALSE,0,1-0,X,FALSE,2,1-1,2,FALSE,3,1-0,1,FALSE,0,2-2,1,FALSE,0,1-1,1,TRUE,6,2-1,2,FALSE,3,0-1,X,FALSE,2,0-0,X,FALSE,0,2-1,1,TRUE,0,3-1,X,FALSE,0,1-0,1,FALSE,3,2-0,X,FALSE,0,2-1,X,FALSE,0,3-1,2,FALSE,2,0-1,2,FALSE,3,3-1,1,TRUE,4,0-0,X,FALSE,3,0-1,X,FALSE,2,2-0,X,FALSE,0,1-0,1,FALSE,2,2-1,X,TRUE,4,1-0,1,FALSE,2,3-1,2,FALSE,3,2-1,1,FALSE,3,2-0,X,FALSE,0,0-1,1,FALSE,0,2-2,1,FALSE,0,2-1,2,TRUE,6,3-1,X,FALSE,3,0-1,X,FALSE,3,1-0,1,TRUE,4,1-0,X,FALSE,0,0-0,1,FALSE,2,1-0,1,FALSE,0,1-0,1,FALSE,3,3,1,2,0,1,1,4,1,4,0,3,0,2,1,1,1,2,1,1,0,4,1,3,0,1,0,2,1,4,1,3,0,3,1,4,1,1,1,2,1,4,1,3,1,1,0,2,1,2,1,1,0,3,0,4,1,4,1,2,0,1,0,3,0,1,0,2,0,4,0,3,1,3,1,4,1,2,1,1,0,1,0,3,0,2,0,4,0,3,0,4,0,2,1,1,0,Japon,0,Sudafrica,6,Egipto,0,Colombia,0,Australia,0,Tunez,6,Portugal,6,Noruega,0,Jordania,0,CostaMarfil,0,CaboVerde,6,Iran,6,Jamaica,0,Paraguay,0,Senegal,6,Italia,6,Qatar,6,Corea,0,Bolivia,6,Croacia,0,Alemania,0,Ghana,0,Escocia,6,Turquia,6,Suecia,0,Argentina,0,Belgica,6,Argelia,0,USA,0,Curazao,6,Uruguay,6,Suiza,0,Ghana,0,Jamaica,0,Australia,0,Noruega,10,Qatar,0,Croacia,10,Bolivia,10,Italia,0,Austria,10,Ecuador,0,Brasil,0,Suecia,10,Inglaterra,10,Holanda,0,Tunez,10,Japon,0,Tunez,0,Senegal,0,Marruecos,0,CostaMarfil,0,Espana,0,USA,0,Argelia,15,NuevaZelanda,0,Suiza,,Irlanda,,Sudafrica,,Inglaterra,,Argentina,0,Escocia,,Mexico,,Uzbekistan,,Marruecos,,Mbappe,,Rodri,,Bono,,Lamine Yamal,,Mbappe,,Olmo,,Uruguay,0,Portugal,,23,0,Morata,
Bruno Lara,346,145,201,0,1-1,X,FALSE,3,2-0,2,FALSE,3,2-2,2,TRUE,4,1-0,X,FALSE,2,0-0,1,FALSE,3,1-1,1,FALSE,2,0-0,2,FALSE,2,2-2,1,FALSE,2,1-1,X,TRUE,0,2-1,X,FALSE,2,0-1,X,FALSE,2,2-2,1,FALSE,0,3-1,1,FALSE,0,2-2,1,FALSE,0,1-0,X,FALSE,3,0-1,2,TRUE,6,2-2,1,FALSE,0,1-1,2,FALSE,2,3-1,1,FALSE,2,2-2,X,FALSE,3,2-0,X,FALSE,0,1-0,2,FALSE,3,3-1,2,FALSE,2,3-1,2,TRUE,0,0-1,1,FALSE,3,2-2,2,FALSE,3,1-0,1,FALSE,0,2-0,1,FALSE,2,3-1,X,TRUE,0,2-0,1,FALSE,0,3-1,X,FALSE,0,0-1,X,FALSE,2,2-0,1,FALSE,2,1-1,X,TRUE,0,0-0,X,FALSE,0,0-0,2,FALSE,0,0-0,2,FALSE,3,2-1,1,FALSE,0,1-0,1,FALSE,3,3-1,X,FALSE,3,0-1,X,FALSE,2,2-1,2,TRUE,6,3-1,1,FALSE,0,0-1,1,FALSE,0,1-0,X,FALSE,2,1-0,X,FALSE,3,2-0,X,TRUE,4,1-1,2,FALSE,0,1-0,X,FALSE,3,2-1,2,FALSE,0,2-0,2,FALSE,2,2-1,2,FALSE,3,0-1,2,FALSE,2,2-2,X,TRUE,6,2-0,2,FALSE,2,2-2,1,TRUE,4,2-0,1,FALSE,2,0-0,X,FALSE,2,2-0,X,FALSE,2,0-1,1,FALSE,0,0-1,1,TRUE,0,2-0,2,FALSE,3,3-1,2,FALSE,2,0-1,2,FALSE,2,0-0,X,FALSE,0,0-1,X,FALSE,0,3-1,1,FALSE,2,1-1,2,FALSE,2,2-2,1,FALSE,2,1-0,2,FALSE,2,0-1,1,FALSE,0,0-1,X,TRUE,0,1,1,3,0,4,1,2,1,2,0,3,1,1,0,4,0,2,1,1,0,3,1,4,1,3,1,4,1,1,0,2,0,1,1,2,1,3,0,4,1,2,0,1,0,4,0,3,0,3,0,2,0,1,0,4,0,1,1,4,0,2,0,3,0,4,0,3,1,2,0,1,0,2,0,4,0,3,0,1,1,3,0,4,0,1,1,2,0,2,0,1,1,3,1,4,0,Tunez,6,Belgica,0,Marruecos,0,Senegal,0,Suecia,6,Uruguay,6,NuevaZelanda,6,Iran,6,Inglaterra,0,Uzbekistan,0,Portugal,6,Japon,6,Jamaica,6,Qatar,6,Curazao,0,Francia,0,Noruega,6,Austria,6,Jordania,0,Mexico,6,Corea,0,Ghana,0,Suiza,6,Italia,6,Haiti,6,Ecuador,0,Egipto,0,Irlanda,0,Colombia,0,Alemania,0,Australia,0,Panama,6,Austria,0,Sudafrica,0,Senegal,0,Argelia,0,Paraguay,0,ArabiaSaudi,0,Ecuador,0,Uruguay,0,Marruecos,10,Haiti,10,Suiza,10,Qatar,10,Croacia,0,Noruega,0,Francia,10,Japon,10,Curazao,0,Suiza,0,Jamaica,0,Suecia,0,CostaMarfil,0,Haiti,15,CaboVerde,15,Noruega,15,NuevaZelanda,,Jamaica,,Japon,0,Francia,,NuevaZelanda,,Brasil,0,Ecuador,,NuevaZelanda,,Argentina,,Vinicius,,Vinicius,,Donnarumma,0,Pedri,0,Musiala,,Nico Williams,,Uruguay,0,USA,0,31,,Nico Williams,
Alba Serra,392,181,191,20,1-1,X,FALSE,3,3-1,1,TRUE,6,2-2,2,FALSE,3,3-1,1,FALSE,0,2-2,1,FALSE,0,0-1,X,FALSE,2,2-0,1,FALSE,2,1-0,X,FALSE,3,2-2,1,FALSE,3,2-0,2,TRUE,0,1-0,X,FALSE,0,2-0,2,FALSE,2,0-0,1,FALSE,3,1-0,2,FALSE,3,0-1,X,TRUE,6,3-1,2,FALSE,3,1-1,X,FALSE,2,3-1,X,FALSE,0,2-0,X,FALSE,2,0-0,1,FALSE,0,2-2,X,FALSE,2,3-1,1,FALSE,3,0-0,2,FALSE,2,2-2,1,TRUE,6,3-1,X,FALSE,2,1-0,2,FALSE,0,1-0,2,TRUE,6,1-1,2,FALSE,3,1-0,2,FALSE,3,2-1,1,FALSE,3,2-0,X,FALSE,2,1-1,2,FALSE,0,1-1,2,FALSE,2,3-1,2,TRUE,6,2-2,1,FALSE,2,2-0,1,FALSE,2,0-0,1,FALSE,0,2-2,1,FALSE,0,2-1,2,FALSE,2,0-1,2,TRUE,4,2-1,2,FALSE,3,1-1,1,FALSE,3,2-0,1,FALSE,0,0-0,1,TRUE,4,1-0,X,FALSE,3,2-1,2,FALSE,0,2-0,1,FALSE,2,2-0,1,FALSE,3,0-1,1,FALSE,0,3-1,1,TRUE,6,2-2,1,FALSE,2,2-1,X,FALSE,0,3-1,X,FALSE,0,2-2,2,FALSE,3,1-1,2,TRUE,6,1-0,1,FALSE,3,1-0,X,FALSE,3,0-1,2,FALSE,3,2-2,1,FALSE,0,1-0,2,FALSE,0,1-0,X,FALSE,0,2-2,X,FALSE,2,1-0,X,TRUE,4,2-0,1,FALSE,2,2-0,1,FALSE,3,1-0,2,FALSE,2,3-1,1,FALSE,3,2-0,2,FALSE,2,0-1,1,FALSE,0,2-1,1,TRUE,4,1-1,2,FALSE,0,3-1,1,FALSE,0,1,1,4,1,3,1,2,1,2,1,4,0,3,0,1,1,1,0,4,0,2,1,3,1,4,0,3,1,1,0,2,0,4,0,2,0,3,1,1,1,3,1,1,1,4,0,2,0,1,1,2,0,3,0,4,1,2,1,3,0,1,0,4,0,4,0,3,0,2,1,1,1,3,0,4,0,2,0,1,1,4,1,1,0,2,1,3,0,1,0,2,1,3,0,4,0,Sudafrica,0,Senegal,6,Jordania,0,Suiza,6,Paraguay,6,Alemania,0,Suecia,0,Noruega,6,Canada,6,Austria,0,CaboVerde,6,Italia,0,Panama,6,Croacia,0,Argentina,6,Uruguay,6,Colombia,0,Japon,6,Curazao,0,Brasil,0,Ecuador,6,Tunez,0,Espana,0,Australia,6,Uzbekistan,0,CostaMarfil,6,Iran,6,Bolivia,0,Qatar,6,Jamaica,0,NuevaZelanda,6,Francia,0,Noruega,0,CostaMarfil,0,Alemania,10,Tunez,0,Francia,10,Corea,0,Espana,10,Curazao,0,Uzbekistan,10,Brasil,0,NuevaZelanda,0,Escocia,10,Iran,0,Italia,0,Marruecos,0,Turquia,10,Panama,0,Haiti,0,Croacia,0,Alemania,0,NuevaZelanda,0,Noruega,0,Japon,15,Belgica,0,Ghana,,Francia,20,NuevaZelanda,0,Espana,0,Ghana,0,Austria,0,Suiza,,USA,,Argelia,,Musiala,0,Vinicius,,Unai Simon,,Bellingham,0,Vinicius,20,Nico Williams,,Uruguay,,Holanda,,42,0,Nico Williams,
Eric Pons,419,151,268,0,0-1,1,TRUE,4,0-0,1,FALSE,2,2-0,1,FALSE,2,2-1,1,FALSE,3,3-1,2,FALSE,3,1-1,1,FALSE,0,3-1,X,TRUE,4,2-1,X,FALSE,0,2-2,2,FALSE,2,2-2,2,FALSE,0,0-1,X,FALSE,2,0-1,1,FALSE,0,1-0,2,FALSE,0,2-1,2,FALSE,2,1-0,2,TRUE,6,0-1,1,FALSE,3,2-1,2,FALSE,0,2-1,X,FALSE,0,3-1,2,TRUE,4,2-2,1,FALSE,3,1-1,1,FALSE,2,0-0,X,FALSE,2,1-1,1,FALSE,2,1-0,2,FALSE,0,0-0,2,FALSE,2,2-2,2,FALSE,3,1-1,X,TRUE,0,3-1,X,FALSE,2,2-0,X,FALSE,0,2-2,1,FALSE,3,0-1,1,FALSE,3,0-0,2,FALSE,3,1-0,1,FALSE,2,2-2,2,FALSE,0,2-1,1,FALSE,3,1-1,1,TRUE,0,1-0,X,FALSE,0,2-2,2,FALSE,3,2-2,X,FALSE,2,3-1,1,TRUE,6,1-1,1,FALSE,0,1-1,2,FALSE,2,3-1,1,FALSE,0,2-2,1,FALSE,0,1-0,X,TRUE,4,1-0,2,FALSE,0,0-0,2,FALSE,0,0-1,1,FALSE,0,0-0,1,FALSE,0,2-0,1,FALSE,3,0-1,1,FALSE,3,2-1,2,FALSE,2,1-1,2,TRUE,0,0-1,1,FALSE,3,0-1,2,FALSE,0,3-1,2,TRUE,6,1-1,2,FALSE,0,3-1,1,FALSE,2,1-0,X,FALSE,3,1-0,X,FALSE,2,1-1,1,FALSE,2,1-1,2,FALSE,3,3-1,2,FALSE,2,2-2,X,FALSE,3,1-0,X,TRUE,0,1-1,1,FALSE,3,2-1,X,FALSE,0,0-0,X,FALSE,3,1-0,2,FALSE,0,0-1,2,TRUE,4,2-2,2,FALSE,2,2-0,X,FALSE,0,1,1,4,1,2,0,3,0,1,0,2,1,4,0,3,0,4,1,1,1,3,0,2,0,1,0,4,0,3,1,2,1,2,0,4,0,1,0,3,0,1,0,4,1,3,1,2,0,3,1,4,1,1,1,2,0,4,1,2,0,1,0,3,1,1,0,4,0,3,0,2,1,3,1,1,1,2,0,4,0,1,1,2,0,3,0,4,1,4,1,3,0,2,1,1,0,Turquia,0,Francia,6,ArabiaSaudi,0,Senegal,0,Noruega,6,Qatar,0,Bolivia,6,Croacia,6,Uzbekistan,0,Jordania,6,Argentina,0,Ecuador,0,Sudafrica,6,Panama,6,Paraguay,6,Belgica,0,Colombia,0,Irlanda,6,Jamaica,0,CostaMarfil,0,NuevaZelanda,6,CaboVerde,6,Curazao,0,Marruecos,6,USA,6,Iran,6,Suecia,6,Japon,6,Inglaterra,6,Tunez,0,Italia,6,Holanda,0,Bolivia,0,ArabiaSaudi,0,Curazao,0,Iran,0,Paraguay,10,Qatar,0,Japon,0,Irlanda,0,Uzbekistan,10,Brasil,0,CostaMarfil,0,Inglaterra,10,Colombia,0,Austria,10,Panama,0,USA,0,Alemania,15,Canada,15,Bolivia,0,Uruguay,0,Argentina,0,Sudafrica,0,Egipto,0,USA,15,Turquia,,Argelia,0,Holanda,0,CaboVerde,0,Suiza,,Egipto,25,Uzbekistan,,USA,,Portugal,50,Foden,,Vinicius,0,Maignan,,Musiala,0,Pedri,,Lamine Yamal,,Colombia,0,Holanda,,18,0,Pedri,
Naia Leon,347,128,219,0,0-0,1,FALSE,3,0-0,2,FALSE,2,2-0,X,TRUE,0,3-1,X,FALSE,2,2-0,2,FALSE,2,0-1,2,FALSE,3,2-2,2,FALSE,0,0-1,2,FALSE,0,2-1,X,FALSE,0,1-0,X,TRUE,6,1-0,2,FALSE,3,1-0,1,FALSE,3,2-1,1,TRUE,0,1-0,1,FALSE,2,2-1,1,FALSE,3,0-0,2,FALSE,0,0-1,2,FALSE,0,3-1,2,FALSE,3,1-0,2,FALSE,0,1-1,1,FALSE,3,1-0,1,FALSE,0,1-0,1,FALSE,2,2-1,1,FALSE,0,1-0,X,TRUE,0,2-1,X,FALSE,3,3-1,2,FALSE,3,3-1,X,FALSE,3,0-0,X,FALSE,0,0-0,1,TRUE,0,2-1,X,FALSE,0,2-1,2,FALSE,0,1-0,1,FALSE,0,0-1,1,FALSE,0,2-0,2,FALSE,2,2-0,1,TRUE,4,0-1,2,FALSE,0,2-0,X,TRUE,6,1-0,1,FALSE,0,0-1,2,FALSE,0,2-2,1,FALSE,2,3-1,1,FALSE,3,1-0,X,FALSE,2,1-0,2,FALSE,0,0-1,X,FALSE,0,3-1,X,TRUE,4,3-1,X,FALSE,2,2-1,1,FALSE,2,0-0,2,FALSE,0,3-1,X,FALSE,3,2-2,X,FALSE,3,3-1,X,FALSE,0,2-2,X,TRUE,6,1-1,X,FALSE,2,1-1,X,FALSE,2,1-1,1,FALSE,2,1-1,1,FALSE,0,2-2,X,FALSE,0,0-1,1,TRUE,0,2-2,1,FALSE,0,2-0,1,FALSE,0,3-1,X,FALSE,2,1-1,X,FALSE,3,0-0,X,FALSE,3,1-0,X,FALSE,3,2-0,1,TRUE,0,3-1,1,FALSE,2,2-0,2,TRUE,0,2-0,2,FALSE,2,1-0,2,FALSE,0,2-0,X,FALSE,3,1-1,X,FALSE,2,3-1,1,FALSE,0,2,1,3,1,4,1,1,0,1,0,2,0,4,0,3,1,3,0,4,0,1,0,2,0,3,0,4,0,1,1,2,0,3,1,2,0,1,0,4,0,3,1,2,1,4,0,1,0,3,1,2,0,4,1,1,0,2,0,1,0,3,0,4,1,2,0,4,0,3,1,1,0,1,1,4,1,3,0,2,0,2,1,3,1,4,0,1,0,4,0,3,0,2,0,1,1,Colombia,6,Corea,6,Bolivia,6,Irlanda,0,ArabiaSaudi,6,Uruguay,6,Australia,6,Egipto,6,Alemania,6,Belgica,6,Iran,6,Senegal,6,Japon,6,Ecuador,0,Marruecos,0,Argentina,0,Italia,6,Suecia,6,Tunez,6,Paraguay,0,Mexico,0,Argelia,6,Jordania,6,Croacia,0,Canada,6,Escocia,0,Turquia,0,Portugal,0,Noruega,6,NuevaZelanda,0,Francia,0,Suiza,0,Portugal,10,NuevaZelanda,10,Croacia,10,Suecia,10,CostaMarfil,10,Irlanda,10,Qatar,0,Paraguay,0,Haiti,0,Ecuador,0,Holanda,10,Belgica,10,Argelia,0,Iran,0,Marruecos,0,Panama,10,Italia,0,ArabiaSaudi,0,Senegal,0,Croacia,15,USA,0,Paraguay,0,CostaMarfil,0,Haiti,0,Ghana,0,Alemania,0,Suecia,0,Mexico,,Corea,,Paraguay,,Brasil,,Japon,,Suecia,,Mbappe,0,Mbappe,,Courtois,,Mbappe,0,Rodri,0,Olmo,0,Senegal,,Alemania,,18,0,Lamine Yamal,0
Raul Vela,339,136,203,0,3-1,1,FALSE,0,0-1,2,FALSE,3,2-2,1,TRUE,4,2-2,2,FALSE,3,1-0,1,FALSE,2,3-1,1,FALSE,3,0-0,2,FALSE,3,3-1,1,TRUE,6,2-0,1,FALSE,3,2-0,1,FALSE,2,1-0,1,FALSE,0,0-0,X,FALSE,0,1-0,1,FALSE,0,1-0,X,TRUE,6,2-2,1,FALSE,2,2-0,X,FALSE,2,2-1,X,FALSE,2,3-1,2,FALSE,2,3-1,1,TRUE,4,0-1,1,FALSE,0,3-1,X,FALSE,3,1-0,X,FALSE,2,0-1,2,FALSE,2,0-0,X,FALSE,0,1-0,X,FALSE,0,1-0,1,FALSE,0,1-0,X,FALSE,2,0-1,1,TRUE,4,3-1,1,FALSE,0,3-1,1,FALSE,2,0-0,2,TRUE,0,0-0,2,FALSE,2,1-1,X,FALSE,0,2-2,2,FALSE,2,0-0,X,FALSE,2,3-1,1,FALSE,3,1-1,1,FALSE,0,0-1,X,FALSE,0,1-1,1,TRUE,0,3-1,1,FALSE,0,1-1,X,FALSE,0,1-1,1,FALSE,0,3-1,1,FALSE,3,1-0,1,FALSE,0,1-1,2,FALSE,3,0-0,X,FALSE,2,2-2,1,FALSE,3,0-1,2,TRUE,4,3-1,1,FALSE,0,2-2,1,FALSE,0,2-0,2,FALSE,0,2-2,2,TRUE,6,1-1,1,FALSE,0,1-0,2,FALSE,0,3-1,2,FALSE,3,0-1,2,TRUE,0,1-0,2,FALSE,0,2-2,1,FALSE,2,2-1,1,FALSE,0,1-1,2,FALSE,3,0-1,1,TRUE,4,0-0,1,FALSE,2,2-0,2,FALSE,2,2-0,1,FALSE,0,2-1,X,FALSE,3,2-1,2,FALSE,2,2-1,1,FALSE,0,1-0,1,FALSE,2,1-1,1,FALSE,2,1-0,2,TRUE,0,2-2,2,FALSE,2,2-1,X,FALSE,2,3,0,2,1,1,0,4,0,2,0,3,1,1,0,4,0,2,1,1,0,3,0,4,1,4,0,3,0,1,0,2,0,4,1,3,0,2,0,1,0,1,0,2,0,4,0,3,0,1,1,4,0,2,1,3,0,4,0,3,0,2,0,1,1,3,1,1,1,4,0,2,0,1,0,3,0,2,1,4,0,1,1,4,0,3,0,2,0,2,1,4,0,1,1,3,1,Uzbekistan,6,Panama,0,Italia,0,Belgica,6,Suecia,6,Inglaterra,6,CostaMarfil,0,Francia,6,Sudafrica,6,Suiza,0,Haiti,6,Senegal,6,Colombia,0,Canada,6,NuevaZelanda,6,Paraguay,0,Holanda,0,Jordania,6,Australia,6,Ghana,6,Espana,0,Qatar,0,Noruega,0,Mexico,6,Iran,6,Argelia,6,USA,0,Irlanda,0,Brasil,6,Corea,0,Ecuador,6,Alemania,0,Curazao,10,Japon,0,Ecuador,0,Uruguay,0,Austria,0,Espana,0,Suecia,0,Brasil,0,Croacia,0,Argelia,0,Noruega,0,Holanda,10,CaboVerde,10,Mexico,0,Marruecos,10,Iran,10,Suecia,15,Italia,0,Francia,15,Senegal,15,Irlanda,0,Qatar,0,CaboVerde,0,Curazao,0,Argelia,,Bolivia,,Italia,0,Tunez,0,Senegal,,Japon,,Uruguay,,USA,,Sudafrica,,Foden,0,Mbappe,,Maignan,,Mbappe,,Rodri,0,Olmo,,Uruguay,,Belgica,,23,0,Lamine Yamal,0
Julia Ferrer,314,156,158,0,0-1,1,FALSE,0,2-2,2,FALSE,3,1-0,2,TRUE,0,3-1,1,FALSE,3,3-1,1,FALSE,0,2-1,X,FALSE,3,0-0,1,FALSE,0,2-0,1,TRUE,0,2-1,2,FALSE,2,0-0,X,FALSE,2,3-1,X,FALSE,2,2-0,X,FALSE,0,1-0,X,FALSE,3,2-2,2,FALSE,0,1-0,1,FALSE,3,2-2,X,FALSE,2,3-1,2,TRUE,6,2-0,1,FALSE,0,1-0,2,FALSE,2,2-2,1,TRUE,0,2-0,1,FALSE,3,2-1,X,FALSE,2,2-2,1,FALSE,2,2-0,1,FALSE,0,1-1,1,TRUE,0,3-1,1,FALSE,0,1-1,2,FALSE,2,1-0,2,FALSE,2,0-1,2,FALSE,3,0-1,X,FALSE,3,0-1,2,FALSE,2,1-1,2,FALSE,2,2-0,2,TRUE,6,2-1,1,FALSE,3,2-2,X,FALSE,0,2-0,X,FALSE,3,0-0,2,FALSE,0,2-0,1,FALSE,3,2-1,1,FALSE,3,2-1,X,TRUE,6,1-0,2,FALSE,2,0-1,X,FALSE,3,0-1,X,FALSE,0,1-1,2,FALSE,2,1-0,X,FALSE,3,0-0,X,TRUE,4,2-2,1,FALSE,2,0-0,X,FALSE,3,2-0,1,TRUE,4,3-1,X,FALSE,2,2-2,X,FALSE,3,2-0,1,FALSE,2,1-1,X,FALSE,0,0-1,2,FALSE,2,1-0,1,TRUE,0,0-0,1,FALSE,2,3-1,1,FALSE,3,1-1,1,FALSE,0,1-1,1,FALSE,0,0-1,2,FALSE,2,0-1,2,FALSE,2,0-0,1,FALSE,3,0-1,1,FALSE,0,1-0,1,FALSE,2,2-1,1,FALSE,3,3-1,1,TRUE,0,1-0,2,FALSE,0,1-0,X,FALSE,2,2-0,1,TRUE,4,1-0,X,FALSE,2,2-0,1,FALSE,2,0-1,2,FALSE,0,1,0,3,1,2,0,4,0,3,0,2,1,1,0,4,0,4,0,1,1,2,1,3,0,2,1,4,1,3,1,1,1,1,1,3,0,2,0,4,0,2,0,1,0,4,1,3,1,3,1,1,0,4,1,2,1,1,0,3,0,2,0,4,0,1,0,2,0,3,0,4,1,1,1,4,0,2,1,3,1,3,0,4,0,1,0,2,1,4,0,2,0,3,1,1,1,Uruguay,0,Belgica,0,Italia,6,Panama,6,Brasil,0,Escocia,0,Tunez,6,Qatar,0,Argentina,0,Irlanda,6,Noruega,0,Alemania,0,Uzbekistan,0,Canada,0,Suecia,6,Portugal,0,Espana,6,Suiza,0,Austria,6,Ecuador,0,Australia,6,Iran,6,Turquia,6,Bolivia,0,Holanda,0,Jamaica,6,Inglaterra,0,Mexico,6,Haiti,0,Colombia,6,Sudafrica,0,Argelia,0,CaboVerde,0,Haiti,0,Irlanda,10,Colombia,0,Jordania,0,Holanda,0,CostaMarfil,0,Portugal,0,Curazao,0,Alemania,0,Iran,10,Croacia,10,Uzbekistan,0,Argelia,0,ArabiaSaudi,10,NuevaZelanda,0,Suecia,0,Colombia,0,Curazao,0,Egipto,0,Panama,15,Tunez,0,Bolivia,0,Alemania,0,Escocia,,Alemania,0,Qatar,,ArabiaSaudi,0,Belgica,25,Australia,,Curazao,0,Argentina,,Ghana,,Rodri,,Vinicius,,Courtois,,Mbappe,,Vinicius,0,Lamine Yamal,,Marruecos,0,USA,,7,,Lamine Yamal,0
Gael Pastor,340,149,191,0,1-1,2,FALSE,2,2-1,1,FALSE,3,2-1,1,FALSE,3,1-0,2,FALSE,2,2-1,X,TRUE,6,0-0,2,FALSE,0,0-0,X,TRUE,0,2-1,X,FALSE,0,1-0,X,FALSE,0,2-2,X,FALSE,2,2-0,X,FALSE,2,1-1,1,FALSE,2,2-1,X,FALSE,2,2-0,X,TRUE,0,0-0,X,FALSE,2,0-0,1,FALSE,3,2-0,1,FALSE,2,2-0,1,FALSE,0,2-2,1,FALSE,2,1-0,2,TRUE,4,2-0,2,FALSE,0,2-1,2,FALSE,3,3-1,X,FALSE,0,3-1,1,FALSE,2,0-0,1,FALSE,2,2-2,1,TRUE,6,1-1,1,FALSE,0,0-1,2,FALSE,0,1-0,X,FALSE,3,2-0,2,FALSE,2,1-0,1,TRUE,6,2-0,1,FALSE,3,1-1,2,FALSE,2,0-0,1,FALSE,3,0-1,2,FALSE,3,2-2,2,FALSE,0,2-1,1,FALSE,0,2-0,2,FALSE,3,2-0,2,FALSE,3,2-1,2,TRUE,4,0-1,1,FALSE,2,2-1,1,FALSE,0,0-1,X,FALSE,3,0-1,X,FALSE,0,0-0,2,TRUE,0,1-1,1,FALSE,2,0-0,1,FALSE,2,1-0,1,FALSE,2,3-1,2,FALSE,0,2-1,1,FALSE,2,0-0,X,FALSE,0,2-2,1,FALSE,3,3-1,1,TRUE,0,2-1,2,FALSE,0,2-1,1,FALSE,2,2-0,2,FALSE,0,0-0,X,TRUE,6,2-1,X,FALSE,3,1-0,1,FALSE,2,2-1,2,FALSE,0,0-1,X,FALSE,3,1-1,1,FALSE,3,0-0,2,FALSE,0,1-1,1,TRUE,0,0-0,2,FALSE,0,2-1,1,FALSE,0,0-0,2,FALSE,2,1-1,1,FALSE,0,2-1,X,FALSE,2,2-0,2,TRUE,4,1-0,1,FALSE,2,0-0,1,FALSE,2,1,1,4,0,3,1,2,1,4,0,3,1,1,0,2,0,2,0,3,0,4,0,1,1,2,0,3,0,1,1,4,1,2,1,4,1,3,0,1,0,4,0,1,1,3,1,2,0,4,1,2,0,3,0,1,0,4,0,1,1,3,1,2,0,4,1,1,0,2,1,3,1,3,0,4,0,2,1,1,0,2,0,4,0,3,1,1,0,4,0,2,0,3,0,1,1,Paraguay,0,Senegal,6,Argentina,0,CaboVerde,6,Belgica,6,Iran,6,Suecia,6,Suiza,6,Francia,0,Japon,6,CostaMarfil,6,Australia,6,Turquia,6,Bolivia,6,Panama,6,Brasil,0,Curazao,0,Marruecos,6,Alemania,0,Irlanda,6,Noruega,6,Jordania,6,Escocia,6,Canada,6,NuevaZelanda,0,Ghana,6,Ecuador,0,Uruguay,0,Portugal,6,Egipto,6,Inglaterra,0,Tunez,0,CostaMarfil,10,Noruega,0,Colombia,0,Austria,0,Suiza,0,Argentina,0,Japon,0,Italia,10,Croacia,10,Holanda,10,Suecia,0,Sudafrica,0,Alemania,10,Canada,0,Panama,0,Jordania,0,Italia,0,Senegal,0,Marruecos,0,Noruega,15,Paraguay,0,Espana,0,Egipto,0,Austria,0,NuevaZelanda,0,CostaMarfil,0,Italia,0,Haiti,0,Jordania,0,Irlanda,,Argentina,,CostaMarfil,,Qatar,,Foden,,Pedri,,Alisson,,Mbappe,0,Mbappe,,Olmo,,Japon,,Alemania,,7,0,Nico Williams,
Irene Lozano,366,159,207,0,2-2,2,FALSE,0,0-1,2,FALSE,0,0-1,1,FALSE,2,2-2,X,FALSE,2,0-0,2,TRUE,4,1-0,2,FALSE,0,0-0,1,TRUE,6,0-0,2,FALSE,3,0-1,X,FALSE,2,1-0,1,FALSE,2,3-1,1,FALSE,0,2-1,1,FALSE,3,2-0,X,FALSE,0,2-2,2,TRUE,4,2-2,2,FALSE,0,3-1,X,FALSE,3,1-1,2,FALSE,0,2-0,X,FALSE,3,1-0,1,TRUE,0,0-0,2,FALSE,3,2-1,X,FALSE,0,3-1,2,FALSE,3,1-1,X,FALSE,0,2-1,2,FALSE,2,1-0,1,FALSE,0,0-1,X,FALSE,2,0-0,2,FALSE,3,0-1,2,FALSE,2,1-0,X,FALSE,0,1-1,1,TRUE,6,2-0,2,FALSE,3,2-2,2,FALSE,3,2-2,2,FALSE,2,2-2,2,TRUE,0,3-1,1,FALSE,3,2-0,1,FALSE,2,2-2,2,FALSE,3,2-1,1,FALSE,0,1-0,X,TRUE,0,2-0,2,FALSE,2,2-1,1,FALSE,3,1-0,1,FALSE,3,2-0,1,FALSE,3,2-2,X,TRUE,4,0-0,X,FALSE,2,0-0,2,FALSE,2,2-2,2,FALSE,0,2-2,1,FALSE,2,2-1,X,FALSE,2,2-1,2,TRUE,4,0-1,2,FALSE,2,0-1,2,FALSE,0,1-1,2,FALSE,3,0-0,X,FALSE,3,2-2,2,FALSE,0,1-1,2,FALSE,2,2-2,X,TRUE,0,1-1,X,FALSE,2,0-1,2,FALSE,2,2-2,2,FALSE,0,2-2,2,FALSE,2,2-2,2,FALSE,0,2-1,1,FALSE,2,2-2,1,FALSE,2,1-1,1,TRUE,6,0-1,2,FALSE,0,2-0,1,TRUE,6,2-2,2,FALSE,0,2-0,2,FALSE,0,0-0,1,FALSE,3,1-1,X,FALSE,3,0-0,1,FALSE,2,1,0,2,1,3,0,4,1,2,1,1,0,3,0,4,1,4,1,1,1,2,0,3,1,4,1,2,1,3,1,1,0,1,0,4,0,3,1,2,1,2,0,3,0,4,0,1,1,4,0,2,0,3,0,1,1,2,1,4,0,3,1,1,0,2,0,3,0,1,0,4,1,3,0,2,0,4,1,1,0,3,1,4,0,1,0,2,1,3,0,4,1,1,0,2,0,ArabiaSaudi,6,Sudafrica,0,Jordania,6,Espana,6,Argentina,6,Tunez,6,Japon,0,Argelia,6,Croacia,6,Jamaica,0,Uruguay,0,Ecuador,0,Egipto,6,Portugal,6,Alemania,6,Brasil,6,Iran,6,Marruecos,0,Bolivia,0,Corea,0,Panama,6,Suecia,0,Uzbekistan,6,Irlanda,0,USA,6,Escocia,0,CostaMarfil,6,Curazao,0,Senegal,0,Noruega,0,Canada,6,Holanda,0,Bolivia,0,Canada,0,Turquia,10,Corea,10,Colombia,0,Portugal,0,Tunez,0,Australia,0,Jamaica,10,Austria,10,Uruguay,0,USA,0,Jordania,10,Croacia,0,Japon,10,Marruecos,0,Tunez,0,Corea,0,Italia,15,Japon,0,Escocia,15,Bolivia,0,Jordania,15,Belgica,0,Japon,0,Croacia,0,CaboVerde,,Italia,0,Paraguay,,Turquia,0,Japon,0,Belgica,0,Haiti,,Lamine Yamal,,Lamine Yamal,,Courtois,,Vinicius,,Pedri,0,Nico Williams,0,Senegal,,USA,,23,0,Nico Williams,
Unai Crespo,343,148,195,0,2-0,2,FALSE,2,1-0,1,TRUE,6,3-1,1,FALSE,0,0-1,2,FALSE,0,0-0,1,FALSE,3,2-1,X,FALSE,0,2-0,X,FALSE,0,0-1,1,FALSE,0,1-1,X,TRUE,4,2-1,X,FALSE,2,1-0,1,FALSE,3,3-1,X,FALSE,0,2-0,1,FALSE,2,1-0,X,FALSE,3,1-0,1,FALSE,3,1-1,X,FALSE,2,1-0,2,TRUE,4,3-1,2,FALSE,0,1-1,X,FALSE,0,0-1,1,FALSE,0,0-1,X,FALSE,0,1-1,X,FALSE,2,2-2,X,FALSE,0,0-1,2,TRUE,4,3-1,X,FALSE,0,1-1,1,FALSE,2,0-1,2,FALSE,0,2-0,2,TRUE,4,2-2,X,FALSE,3,0-1,2,FALSE,3,1-1,2,FALSE,0,1-0,1,FALSE,3,2-2,X,TRUE,0,0-0,1,FALSE,0,2-0,X,FALSE,2,2-1,1,FALSE,3,1-0,X,FALSE,3,1-0,1,TRUE,0,0-1,X,FALSE,0,2-1,2,FALSE,2,1-1,2,FALSE,0,2-0,X,FALSE,3,2-2,X,FALSE,2,3-1,1,FALSE,2,2-1,X,FALSE,2,3-1,2,FALSE,3,2-2,1,TRUE,6,1-1,X,FALSE,3,1-1,X,FALSE,0,1-0,2,FALSE,0,1-1,2,FALSE,2,1-0,2,FALSE,0,1-0,1,FALSE,0,1-1,2,TRUE,0,1-0,1,FALSE,2,0-0,1,FALSE,2,2-2,X,TRUE,4,2-1,2,FALSE,2,0-1,1,FALSE,2,3-1,X,FALSE,2,3-1,1,TRUE,6,0-1,X,FALSE,2,2-0,2,FALSE,3,2-0,X,FALSE,0,1-1,2,FALSE,3,0-1,1,FALSE,2,3-1,X,FALSE,3,2-1,2,FALSE,0,0-0,2,FALSE,3,3-1,1,FALSE,2,1-1,1,TRUE,4,2-1,1,FALSE,2,2,0,4,0,3,1,1,1,1,0,4,0,3,0,2,0,4,1,2,0,3,1,1,1,2,0,1,0,4,0,3,1,1,1,3,0,4,0,2,0,3,0,1,1,2,0,4,0,1,0,3,0,4,1,2,0,3,0,1,0,2,1,4,1,1,0,2,1,3,0,4,0,2,1,4,1,3,0,1,0,1,0,4,0,2,1,3,1,4,0,2,0,1,0,3,0,Belgica,6,Ghana,6,Japon,6,Iran,0,Canada,0,Noruega,6,ArabiaSaudi,0,Uzbekistan,0,Curazao,0,Panama,0,Sudafrica,6,NuevaZelanda,0,Alemania,0,Portugal,0,Ecuador,6,Italia,6,Colombia,0,Jordania,0,Australia,6,Austria,6,Haiti,0,Argelia,0,CostaMarfil,0,Uruguay,6,Holanda,0,USA,6,Suiza,6,Marruecos,0,Brasil,0,Mexico,6,Qatar,6,Corea,6,Turquia,0,Croacia,0,Jamaica,10,Austria,0,Qatar,10,CaboVerde,0,Francia,0,Bolivia,10,Mexico,0,Inglaterra,0,Suecia,0,Suiza,0,Corea,10,Uruguay,0,Ghana,0,Holanda,0,Alemania,0,Colombia,0,Belgica,15,Argelia,15,CaboVerde,15,Suecia,0,Iran,0,USA,0,Escocia,,Suecia,,Croacia,,Italia,20,Jordania,,Curazao,,Egipto,,Escocia,,Suiza,,Mbappe,,Lamine Yamal,,Bono,,Musiala,,Rodri,,Morata,,Croacia,0,USA,,23,0,Pedri,
Valeria Rey,384,183,201,0,1-0,X,FALSE,2,2-1,1,TRUE,4,3-1,1,FALSE,0,2-0,X,FALSE,2,1-0,X,FALSE,3,0-0,1,FALSE,3,3-1,2,TRUE,4,3-1,1,FALSE,3,0-0,1,FALSE,3,2-0,2,FALSE,0,1-0,2,FALSE,2,2-0,2,FALSE,0,1-0,X,FALSE,3,0-0,X,TRUE,4,0-0,2,FALSE,0,3-1,X,FALSE,3,3-1,2,FALSE,0,1-0,1,FALSE,2,1-0,X,FALSE,2,2-0,1,FALSE,2,2-2,1,FALSE,0,3-1,X,TRUE,6,3-1,X,FALSE,2,2-1,1,FALSE,3,2-2,1,FALSE,0,2-0,2,FALSE,2,1-0,2,TRUE,4,0-0,1,FALSE,3,2-0,1,FALSE,3,1-1,1,FALSE,0,3-1,2,TRUE,6,1-0,1,FALSE,2,1-1,2,FALSE,2,0-0,2,FALSE,3,2-0,1,FALSE,3,1-0,1,FALSE,2,3-1,1,FALSE,3,1-0,X,FALSE,3,2-0,2,FALSE,2,1-0,2,FALSE,3,2-0,X,FALSE,2,1-1,1,TRUE,4,2-1,2,FALSE,3,0-1,X,FALSE,3,1-1,1,TRUE,6,2-0,2,FALSE,0,3-1,X,FALSE,2,1-0,1,FALSE,3,1-0,X,FALSE,2,1-0,2,FALSE,2,1-1,2,FALSE,3,2-0,1,TRUE,4,2-2,2,FALSE,3,1-1,X,FALSE,3,3-1,2,FALSE,2,2-0,1,FALSE,2,2-1,2,FALSE,0,1-0,2,TRUE,4,0-1,X,FALSE,0,2-1,1,FALSE,2,2-1,X,FALSE,3,0-1,1,FALSE,3,3-1,2,FALSE,3,2-2,1,FALSE,0,0-0,2,FALSE,3,2-0,2,TRUE,4,2-1,2,FALSE,0,2-2,1,FALSE,0,2-0,1,FALSE,0,0-0,1,FALSE,2,1-0,X,TRUE,0,0-1,2,FALSE,3,2,1,3,0,1,0,4,0,1,0,2,0,4,0,3,0,1,0,4,0,2,0,3,0,4,0,3,1,1,1,2,1,4,1,1,0,3,0,2,0,1,1,4,1,3,0,2,0,3,1,1,1,4,0,2,1,2,0,1,1,4,0,3,0,3,1,2,1,1,1,4,1,1,1,4,0,3,1,2,0,1,0,2,0,3,1,4,0,2,0,1,0,4,0,3,0,Turquia,0,Corea,0,Irlanda,6,Brasil,0,Mexico,0,Francia,6,Argelia,0,Tunez,6,Panama,0,Haiti,6,Uzbekistan,6,Sudafrica,6,Bolivia,0,Canada,6,Ghana,0,NuevaZelanda,0,Uruguay,0,Croacia,0,Argentina,6,Jordania,6,Austria,6,USA,0,CostaMarfil,6,Suecia,0,Suiza,6,Jamaica,6,ArabiaSaudi,6,Japon,0,Ecuador,6,Paraguay,0,Portugal,0,Alemania,6,Tunez,0,Argelia,0,CostaMarfil,0,Irlanda,10,USA,0,Corea,0,Senegal,10,Curazao,0,Escocia,10,Colombia,0,Marruecos,10,Belgica,10,Austria,0,Mexico,0,Bolivia,10,Noruega,10,Noruega,0,Argentina,0,Japon,15,Mexico,0,Iran,0,Italia,0,Egipto,0,Francia,0,Escocia,,Argentina,,Austria,,Alemania,20,Senegal,,Jordania,0,Australia,,Ecuador,0,Mexico,,Bellingham,,Vinicius,,Courtois,,Bellingham,0,Mbappe,,Nico Williams,0,Japon,,Alemania,0,31,0,Pedri,
Adrian Mora,392,158,204,30,3-1,2,FALSE,3,1-0,1,TRUE,4,0-1,1,FALSE,2,1-0,1,FALSE,2,2-0,2,FALSE,3,2-2,2,FALSE,2,0-0,X,FALSE,3,0-1,X,TRUE,4,1-1,X,FALSE,0,3-1,2,FALSE,0,2-2,1,FALSE,0,1-0,2,FALSE,3,2-2,2,FALSE,0,2-0,1,FALSE,3,2-1,2,FALSE,2,2-1,1,FALSE,2,1-0,1,TRUE,6,3-1,1,FALSE,2,2-1,1,FALSE,2,0-0,2,TRUE,4,2-1,1,FALSE,0,0-0,1,FALSE,0,2-1,1,FALSE,3,0-0,1,FALSE,2,3-1,X,FALSE,2,0-0,1,FALSE,2,3-1,2,FALSE,2,0-0,2,TRUE,0,2-0,1,FALSE,2,1-0,X,FALSE,0,2-1,2,FALSE,0,0-1,2,FALSE,0,1-0,2,FALSE,2,0-0,X,FALSE,0,1-1,1,FALSE,0,2-2,2,TRUE,0,1-0,1,FALSE,0,0-0,X,FALSE,3,2-2,1,FALSE,0,2-0,X,FALSE,3,2-2,X,FALSE,3,0-1,1,TRUE,6,2-2,X,TRUE,6,2-2,X,FALSE,0,1-0,1,FALSE,3,2-2,X,FALSE,0,1-0,2,FALSE,0,2-1,X,FALSE,0,0-1,1,FALSE,2,2-0,2,FALSE,2,0-0,X,FALSE,3,2-1,X,TRUE,4,2-1,X,FALSE,2,2-2,2,FALSE,3,2-2,1,FALSE,2,3-1,1,FALSE,2,2-2,2,FALSE,2,1-0,X,FALSE,2,3-1,2,TRUE,0,0-0,X,FALSE,3,1-1,X,FALSE,2,1-0,2,FALSE,2,2-2,1,FALSE,2,2-1,1,TRUE,0,1-0,1,FALSE,2,0-1,X,FALSE,3,1-1,X,FALSE,0,1-0,2,FALSE,3,0-1,1,FALSE,3,3-1,X,FALSE,0,0-1,1,FALSE,2,3-1,X,TRUE,6,1,1,4,1,2,1,3,0,2,0,4,0,1,0,3,0,3,0,4,0,2,0,1,1,4,0,2,1,3,0,1,1,1,1,2,0,4,1,3,0,3,1,4,0,2,0,1,1,4,1,1,1,3,0,2,0,2,0,3,1,1,1,4,0,3,0,1,0,2,0,4,0,3,1,1,0,4,0,2,0,3,0,4,1,1,1,2,1,1,1,2,1,3,0,4,0,USA,6,Curazao,0,Croacia,0,Turquia,0,Alemania,6,Bolivia,0,Brasil,6,Suecia,0,Japon,6,Egipto,0,Iran,6,Portugal,0,Haiti,6,Uruguay,0,Marruecos,6,Paraguay,0,Corea,0,Belgica,0,Ecuador,0,Francia,6,Uzbekistan,6,Canada,0,CostaMarfil,6,Argelia,0,Australia,0,Colombia,6,Senegal,6,ArabiaSaudi,6,Sudafrica,0,Espana,0,Panama,6,Noruega,0,Argentina,0,Panama,0,Noruega,0,Escocia,0,Inglaterra,0,USA,10,Ghana,10,Croacia,0,Portugal,10,Jamaica,0,Iran,0,Francia,10,Holanda,10,Haiti,0,Jordania,0,Bolivia,10,Portugal,0,Marruecos,15,Qatar,15,Escocia,0,Turquia,0,Bolivia,0,Italia,15,Mexico,15,Ecuador,,Japon,,Australia,,CostaMarfil,,Turquia,0,CaboVerde,,Brasil,,Croacia,,Paraguay,,Lamine Yamal,20,Vinicius,,Alisson,0,Lamine Yamal,,Rodri,,Nico Williams,10,Colombia,0,Belgica,0,7,,Nico Williams,
Sofia Duran,356,161,195,0,1-1,2,TRUE,6,1-1,1,FALSE,3,2-0,X,FALSE,3,1-0,1,FALSE,3,0-0,2,FALSE,0,2-2,2,FALSE,0,0-0,2,FALSE,3,2-2,2,TRUE,0,0-0,1,FALSE,3,1-0,1,FALSE,2,3-1,1,FALSE,3,0-0,X,FALSE,3,3-1,X,FALSE,3,3-1,X,FALSE,3,1-1,1,TRUE,0,2-2,X,FALSE,0,0-0,1,FALSE,3,2-1,X,FALSE,2,0-0,2,FALSE,0,0-1,X,TRUE,4,1-0,X,FALSE,2,3-1,1,FALSE,2,1-1,1,FALSE,3,1-0,1,FALSE,3,2-1,2,FALSE,3,0-0,1,TRUE,0,1-1,1,FALSE,2,1-1,1,FALSE,0,1-0,2,FALSE,2,3-1,2,FALSE,0,1-0,X,FALSE,0,1-0,2,FALSE,2,0-1,X,TRUE,4,1-0,2,FALSE,2,0-1,2,FALSE,3,3-1,1,FALSE,3,2-2,2,TRUE,4,0-0,X,FALSE,3,3-1,2,FALSE,3,2-1,1,FALSE,2,2-2,2,FALSE,3,3-1,1,FALSE,3,0-1,X,FALSE,3,1-0,2,FALSE,0,3-1,1,TRUE,0,1-1,2,FALSE,0,2-0,2,FALSE,0,2-1,1,FALSE,2,0-0,X,FALSE,0,2-0,X,TRUE,6,2-1,2,FALSE,0,1-0,1,FALSE,2,0-1,2,FALSE,2,2-1,2,FALSE,0,0-0,1,FALSE,0,2-1,1,TRUE,0,1-1,1,FALSE,3,1-1,2,FALSE,2,0-1,1,FALSE,2,1-0,1,FALSE,2,0-0,1,FALSE,2,2-2,X,TRUE,6,2-2,X,FALSE,2,0-0,2,FALSE,3,0-0,X,FALSE,3,2-1,X,FALSE,2,2-2,2,FALSE,0,2-1,1,FALSE,3,0-0,2,TRUE,0,1-0,X,FALSE,2,1-0,X,FALSE,0,0-0,1,FALSE,2,3,1,4,0,2,0,1,0,4,1,2,1,3,1,1,0,4,1,3,1,2,1,1,0,1,0,3,0,2,1,4,1,3,0,1,0,2,1,4,1,1,0,3,0,4,0,2,0,2,0,1,0,4,1,3,1,3,1,2,0,1,1,4,0,4,0,2,1,1,0,3,0,1,1,2,1,4,0,3,0,4,0,2,0,3,0,1,1,3,0,1,0,2,0,4,0,Ecuador,0,Egipto,6,Espana,6,Haiti,6,Curazao,0,Senegal,0,Portugal,6,Ghana,0,Paraguay,0,Marruecos,0,NuevaZelanda,0,Francia,6,Italia,6,Canada,6,Argelia,6,Holanda,6,Mexico,6,Uzbekistan,0,Uruguay,0,Inglaterra,0,Jamaica,0,Croacia,0,Corea,0,Panama,6,Suecia,6,Sudafrica,6,Iran,0,Qatar,0,Austria,6,ArabiaSaudi,0,Suiza,0,Jordania,6,Argentina,0,Espana,10,USA,10,Curazao,0,Italia,0,Australia,10,Corea,0,Turquia,10,Tunez,10,Argelia,0,Sudafrica,0,Qatar,10,Mexico,0,Iran,0,Brasil,0,Suiza,0,Suiza,15,Jordania,0,Belgica,0,Tunez,0,CaboVerde,0,Qatar,15,Francia,15,Paraguay,0,Panama,0,Ecuador,,Iran,,Turquia,0,Jamaica,,Suecia,,Egipto,,ArabiaSaudi,,USA,,Rodri,0,Mbappe,,Donnarumma,0,Bellingham,0,Mbappe,,Lamine Yamal,0,Croacia,,Belgica,,18,,Pedri,
Ander Calvo,317,147,170,0,0-1,1,FALSE,2,0-0,X,FALSE,0,3-1,1,FALSE,0,1-0,2,FALSE,0,2-2,2,TRUE,6,2-0,1,FALSE,3,3-1,2,TRUE,0,2-0,1,FALSE,2,0-1,1,FALSE,0,1-0,1,FALSE,3,1-1,X,FALSE,2,2-0,2,FALSE,2,3-1,2,FALSE,2,1-0,X,FALSE,3,3-1,1,FALSE,2,2-0,2,FALSE,0,1-1,2,TRUE,4,0-1,1,FALSE,2,2-0,1,FALSE,0,0-1,X,FALSE,2,0-0,2,FALSE,3,1-0,2,FALSE,3,2-1,2,FALSE,0,3-1,X,TRUE,6,3-1,1,TRUE,6,0-0,X,FALSE,0,1-1,2,FALSE,0,3-1,1,FALSE,0,1-0,1,FALSE,0,2-1,2,FALSE,0,2-2,2,FALSE,2,3-1,X,FALSE,0,3-1,1,FALSE,0,2-2,X,FALSE,3,2-1,1,FALSE,3,1-1,1,TRUE,4,0-0,X,FALSE,3,3-1,2,FALSE,2,0-1,1,FALSE,3,2-1,2,TRUE,4,2-0,1,FALSE,0,1-0,2,FALSE,3,2-0,1,FALSE,0,0-1,1,FALSE,0,1-1,1,TRUE,0,1-0,X,FALSE,3,0-1,X,FALSE,3,2-0,X,FALSE,2,2-0,X,FALSE,0,0-0,1,FALSE,0,3-1,X,FALSE,0,2-2,X,TRUE,4,3-1,2,FALSE,2,2-0,1,FALSE,2,2-2,X,FALSE,2,0-0,X,TRUE,6,0-0,1,FALSE,2,0-1,X,FALSE,2,3-1,1,FALSE,0,2-2,X,FALSE,2,1-1,X,FALSE,2,1-0,2,FALSE,2,0-1,1,FALSE,2,2-2,1,FALSE,0,0-0,2,TRUE,4,3-1,2,FALSE,0,0-1,1,FALSE,0,1-1,X,FALSE,2,2-1,X,TRUE,0,1-0,X,FALSE,2,0-1,2,FALSE,2,2-0,X,FALSE,2,1,0,4,0,2,0,3,1,1,0,4,0,2,1,3,1,2,0,4,0,3,1,1,0,3,0,2,1,4,0,1,0,3,1,4,1,2,0,1,0,2,0,1,0,3,0,4,0,3,1,1,0,4,0,2,0,3,0,1,1,2,0,4,1,1,1,3,0,4,0,2,1,2,0,1,1,3,1,4,1,1,0,2,1,4,1,3,0,2,0,4,1,3,0,1,1,Canada,6,Holanda,6,Bolivia,6,Turquia,6,Noruega,6,Croacia,6,Iran,6,Alemania,6,Portugal,0,Uruguay,0,Tunez,6,Espana,0,Irlanda,0,Australia,0,Sudafrica,0,Ghana,0,Belgica,6,Argelia,0,Haiti,0,Jordania,0,Francia,6,Marruecos,0,Curazao,6,Escocia,0,Jamaica,6,Panama,0,Corea,6,Qatar,0,Ecuador,0,CostaMarfil,0,Inglaterra,0,Italia,6,Brasil,10,Qatar,10,Alemania,10,Holanda,0,Curazao,10,Ghana,0,Inglaterra,0,Austria,0,Marruecos,0,Espana,0,Egipto,10,Canada,0,Mexico,10,Panama,0,USA,0,Paraguay,0,Argelia,0,Italia,0,Jamaica,0,Uzbekistan,0,Austria,0,Francia,0,Suecia,0,Turquia,0,Belgica,,Jordania,20,Holanda,0,Haiti,0,Francia,,Panama,,USA,0,USA,,Panama,,Musiala,,Foden,0,Maignan,,Foden,,Lamine Yamal,,Olmo,,Colombia,,Italia,,23,0,Morata,
Rocio Sola,358,159,199,0,2-1,2,FALSE,2,2-0,2,FALSE,3,1-1,X,TRUE,4,2-1,1,FALSE,3,0-1,X,FALSE,0,1-1,X,FALSE,3,0-1,1,FALSE,0,0-1,2,FALSE,0,2-2,1,FALSE,3,0-1,2,TRUE,0,1-1,1,FALSE,2,1-1,1,FALSE,2,1-0,X,TRUE,6,2-2,1,FALSE,0,0-1,X,FALSE,3,2-2,1,FALSE,2,3-1,2,FALSE,3,1-1,2,FALSE,2,2-0,2,FALSE,3,1-1,1,FALSE,2,1-0,X,FALSE,2,0-0,2,FALSE,2,0-1,1,TRUE,0,1-0,1,FALSE,2,0-0,X,TRUE,4,2-1,2,FALSE,3,1-0,2,FALSE,0,1-1,1,FALSE,3,1-1,1,FALSE,2,2-0,2,FALSE,2,0-1,2,TRUE,0,2-2,2,FALSE,2,3-1,X,FALSE,0,0-0,1,FALSE,3,1-0,2,FALSE,0,0-0,X,FALSE,0,1-1,2,FALSE,0,2-2,1,FALSE,2,3-1,X,TRUE,4,3-1,1,FALSE,3,0-1,2,FALSE,3,2-2,X,FALSE,3,2-0,2,FALSE,0,2-2,2,FALSE,0,2-0,2,FALSE,0,1-1,2,TRUE,6,1-1,1,FALSE,0,1-1,1,FALSE,0,0-0,X,TRUE,0,2-0,2,FALSE,0,1-0,X,FALSE,3,1-0,1,FALSE,2,3-1,1,FALSE,3,2-2,2,FALSE,2,2-0,2,FALSE,2,1-0,2,FALSE,0,2-1,1,FALSE,3,0-0,1,FALSE,0,2-2,X,TRUE,4,1-1,2,FALSE,0,0-1,1,TRUE,6,0-1,1,FALSE,2,2-1,1,FALSE,0,0-0,X,FALSE,3,2-0,1,FALSE,3,2-1,2,FALSE,3,1-1,X,FALSE,3,1-1,2,FALSE,3,0-0,1,TRUE,4,2-2,1,FALSE,3,2-2,1,FALSE,3,1-1,2,FALSE,3,1,0,4,0,3,1,2,0,2,0,1,0,3,0,4,0,3,0,2,1,1,0,4,0,4,1,1,0,2,0,3,1,2,1,4,0,3,0,1,0,3,0,2,0,4,1,1,0,4,0,3,1,2,1,1,0,2,1,1,0,4,0,3,1,3,0,1,0,4,0,2,1,2,1,1,0,3,0,4,0,1,1,4,0,3,0,2,1,1,1,4,0,3,0,2,0,Uruguay,0,NuevaZelanda,0,Suiza,0,Italia,6,Alemania,0,Irlanda,6,Noruega,6,Sudafrica,0,ArabiaSaudi,0,CaboVerde,6,Escocia,6,Colombia,0,Croacia,0,USA,0,Corea,0,Turquia,6,Uzbekistan,0,Egipto,6,Iran,0,Austria,0,CostaMarfil,6,Canada,6,Marruecos,0,Tunez,0,Argelia,6,Belgica,6,Mexico,0,Portugal,0,Senegal,6,Ghana,6,Bolivia,0,Curazao,6,CaboVerde,10,Croacia,0,Turquia,0,Marruecos,0,Austria,10,Corea,10,Panama,10,USA,10,Canada,0,Tunez,0,Argelia,10,Paraguay,0,Alemania,0,Qatar,0,Portugal,10,NuevaZelanda,0,Canada,0,Sudafrica,0,Argelia,0,USA,15,Francia,15,Tunez,0,Portugal,15,Bolivia,0,Brasil,,Curazao,,Francia,0,Argelia,,Argentina,,Turquia,0,Portugal,,Irlanda,,Tunez,,Musiala,,Rodri,0,Maignan,0,Musiala,,Foden,,Nico Williams,0,Uruguay,,Italia,0,7,,Pedri,
Mateo Vidal,274,145,129,0,2-1,1,TRUE,0,2-1,X,FALSE,0,1-0,2,FALSE,0,1-1,X,FALSE,3,3-1,2,FALSE,2,1-1,2,FALSE,0,3-1,2,FALSE,2,0-0,X,TRUE,6,2-2,1,FALSE,0,1-0,X,FALSE,0,3-1,2,FALSE,0,0-1,2,FALSE,0,2-1,X,FALSE,3,0-0,1,FALSE,2,1-0,X,TRUE,4,3-1,1,FALSE,0,2-2,X,FALSE,0,3-1,X,FALSE,3,2-2,2,FALSE,3,2-0,1,TRUE,0,2-2,1,FALSE,2,2-0,X,FALSE,2,2-2,X,FALSE,3,0-1,1,FALSE,2,0-0,2,FALSE,0,0-0,2,FALSE,2,0-1,X,FALSE,0,0-0,2,FALSE,3,0-1,1,TRUE,0,1-0,2,FALSE,2,2-0,X,FALSE,0,2-0,X,FALSE,0,2-0,2,FALSE,3,3-1,2,FALSE,2,1-1,2,FALSE,3,0-1,X,TRUE,0,0-1,2,FALSE,0,1-0,2,FALSE,0,1-1,1,FALSE,2,3-1,2,FALSE,2,1-0,1,FALSE,0,2-1,2,TRUE,4,1-0,X,FALSE,0,0-1,2,FALSE,2,2-0,X,FALSE,3,2-0,1,TRUE,4,1-1,2,FALSE,3,1-0,1,FALSE,0,0-0,1,FALSE,2,0-1,X,TRUE,6,1-0,1,FALSE,2,3-1,2,FALSE,0,0-1,2,FALSE,0,0-0,2,FALSE,3,1-1,1,FALSE,2,0-0,X,FALSE,0,2-2,X,FALSE,2,2-1,X,FALSE,0,0-1,2,FALSE,2,0-0,2,TRUE,4,0-0,2,FALSE,0,1-1,2,FALSE,2,1-0,1,FALSE,2,1-0,1,FALSE,0,1-1,2,FALSE,3,2-0,1,TRUE,4,0-1,1,FALSE,0,2-2,1,FALSE,2,0-1,2,TRUE,6,1-0,1,FALSE,0,0-0,1,FALSE,0,3-1,1,FALSE,2,1,1,2,0,4,1,3,0,1,0,4,0,3,0,2,1,2,0,4,0,3,0,1,0,3,0,2,1,1,0,4,1,1,1,3,0,4,1,2,1,4,1,2,1,1,0,3,1,2,0,4,1,3,1,1,1,1,1,2,1,3,1,4,1,4,1,3,0,2,0,1,1,4,0,2,1,3,0,1,1,1,1,3,1,4,1,2,1,4,0,2,1,1,1,3,1,Uruguay,6,ArabiaSaudi,0,Inglaterra,0,Uzbekistan,0,Egipto,0,Marruecos,0,Haiti,0,Austria,0,Escocia,0,Irlanda,0,Argelia,0,Jordania,6,Croacia,6,Canada,6,Espana,0,Argentina,0,Panama,6,Jamaica,0,Tunez,0,Italia,0,CostaMarfil,0,Mexico,0,Noruega,6,Ecuador,6,Japon,6,Belgica,0,Suecia,0,Ghana,0,USA,6,Turquia,0,Bolivia,0,Corea,0,Uzbekistan,0,Francia,0,Haiti,10,Senegal,0,USA,0,Sudafrica,10,Argentina,0,Japon,10,Tunez,0,Irlanda,0,Portugal,0,Mexico,0,Canada,0,Jamaica,0,Ecuador,0,Corea,0,Austria,0,Portugal,0,USA,15,Inglaterra,0,ArabiaSaudi,15,Turquia,0,Corea,0,Marruecos,15,Tunez,0,CostaMarfil,,Francia,,ArabiaSaudi,0,Qatar,,Haiti,,Iran,,Italia,,Jamaica,,Pedri,0,Musiala,0,Maignan,,Lamine Yamal,,Pedri,,Morata,,Marruecos,,USA,,7,,Pedri,
Ane Rivas,393,158,235,0,2-0,2,FALSE,2,2-2,X,FALSE,2,2-2,2,FALSE,2,1-1,1,TRUE,4,0-0,1,FALSE,2,2-0,X,FALSE,2,2-1,X,TRUE,6,1-0,2,FALSE,0,0-0,X,FALSE,0,1-1,1,FALSE,2,0-0,1,FALSE,2,2-1,X,FALSE,2,1-1,1,FALSE,3,2-1,X,FALSE,2,2-2,X,FALSE,2,0-0,2,FALSE,0,2-1,2,FALSE,3,2-2,X,TRUE,0,1-1,2,FALSE,3,1-1,1,TRUE,6,2-1,2,FALSE,3,1-1,1,FALSE,0,0-1,1,FALSE,3,2-1,1,FALSE,0,2-2,1,TRUE,6,2-2,X,FALSE,0,1-0,2,FALSE,0,1-0,1,FALSE,0,2-2,1,FALSE,0,1-0,X,FALSE,2,1-1,1,FALSE,0,3-1,1,FALSE,3,3-1,2,FALSE,3,0-0,X,FALSE,0,0-1,X,FALSE,2,1-0,2,TRUE,4,2-2,1,FALSE,0,0-0,2,FALSE,3,2-0,2,TRUE,0,2-2,1,FALSE,3,2-1,X,FALSE,0,1-0,2,FALSE,3,1-0,2,FALSE,2,0-1,2,FALSE,0,1-1,2,TRUE,6,2-0,1,FALSE,3,2-1,2,FALSE,0,0-0,1,FALSE,2,2-1,X,FALSE,2,0-0,X,FALSE,0,2-0,X,TRUE,4,2-0,X,FALSE,2,1-1,2,FALSE,0,0-0,2,FALSE,0,0-0,1,FALSE,3,1-0,2,FALSE,2,1-1,2,FALSE,0,3-1,2,FALSE,3,2-0,1,FALSE,0,2-2,1,TRUE,0,1-0,X,FALSE,0,0-1,1,FALSE,2,0-1,2,TRUE,6,2-2,X,FALSE,0,2-1,X,FALSE,3,0-0,1,FALSE,0,1-0,2,FALSE,3,0-1,1,TRUE,4,2-2,1,FALSE,2,0-1,X,FALSE,2,2-0,2,FALSE,3,2-2,1,FALSE,3,4,1,3,1,1,1,2,1,2,0,4,0,3,1,1,0,3,0,4,0,2,0,1,1,4,0,1,1,2,0,3,1,1,0,2,1,3,0,4,0,1,0,3,0,4,1,2,1,1,0,4,0,2,1,3,0,4,1,1,1,2,0,3,0,1,0,4,1,3,1,2,0,3,0,2,0,1,1,4,1,4,0,1,0,3,1,2,0,4,0,2,0,3,1,1,1,Suecia,0,Suiza,6,Ghana,6,Panama,0,Noruega,0,Belgica,0,Senegal,0,Tunez,6,Haiti,6,USA,0,Uzbekistan,6,Argentina,6,Jamaica,0,Australia,0,Corea,0,Argelia,6,Turquia,6,Ecuador,0,Croacia,0,Alemania,0,Irlanda,0,Paraguay,6,NuevaZelanda,6,Mexico,6,Escocia,0,Qatar,6,Holanda,6,Sudafrica,6,Austria,0,Uruguay,6,Japon,0,Italia,0,Alemania,10,Irlanda,10,Australia,0,Argelia,10,Uzbekistan,0,Japon,0,Croacia,0,Colombia,0,Corea,10,Mexico,10,Curazao,10,Francia,0,Escocia,10,Marruecos,0,Canada,0,Jamaica,10,Escocia,0,Marruecos,0,Jamaica,15,Uruguay,15,Jordania,15,Suecia,0,Uzbekistan,0,Bolivia,0,Italia,20,Irlanda,0,CaboVerde,,Tunez,0,Panama,,Curazao,0,Australia,,Sudafrica,,Mexico,,Bellingham,0,Rodri,,Unai Simon,,Bellingham,,Lamine Yamal,0,Olmo,0,Colombia,,USA,0,31,,Morata,
Marcos Belmonte,325,133,182,10,2-0,X,TRUE,4,1-1,X,FALSE,2,2-2,1,FALSE,0,2-1,2,FALSE,0,1-0,1,FALSE,2,1-0,X,FALSE,3,1-0,1,FALSE,0,0-1,2,FALSE,2,1-0,X,TRUE,4,1-1,X,FALSE,3,0-0,2,FALSE,3,3-1,1,FALSE,0,0-0,1,FALSE,0,2-0,X,FALSE,3,0-1,X,FALSE,2,3-1,X,TRUE,0,0-1,1,FALSE,2,0-0,X,FALSE,0,3-1,1,FALSE,2,2-0,2,FALSE,2,2-1,X,FALSE,2,0-0,1,FALSE,0,0-1,X,TRUE,6,0-0,1,FALSE,3,1-0,X,FALSE,2,0-1,2,FALSE,2,1-1,X,TRUE,0,1-1,X,FALSE,0,2-2,2,FALSE,2,1-1,X,FALSE,0,2-0,1,FALSE,2,2-2,X,FALSE,0,3-1,2,FALSE,3,2-1,1,FALSE,2,1-0,2,TRUE,0,0-1,1,FALSE,3,3-1,X,FALSE,2,0-1,2,FALSE,0,2-2,2,FALSE,2,3-1,2,TRUE,0,0-0,X,FALSE,2,2-2,2,FALSE,2,0-0,2,FALSE,0,0-1,1,TRUE,0,0-1,1,FALSE,2,1-1,X,FALSE,0,2-2,2,FALSE,0,0-1,2,FALSE,3,2-0,1,FALSE,0,0-1,X,FALSE,2,3-1,2,FALSE,2,3-1,X,TRUE,6,0-1,X,FALSE,0,1-0,2,FALSE,3,2-1,2,TRUE,0,1-1,X,FALSE,0,2-2,2,FALSE,3,3-1,2,FALSE,0,0-0,2,FALSE,0,1-1,X,FALSE,0,3-1,X,TRUE,4,3-1,X,FALSE,2,3-1,1,FALSE,2,0-0,X,FALSE,0,0-1,1,FALSE,0,2-2,2,FALSE,2,0-1,1,TRUE,6,2-2,2,FALSE,0,1-1,1,FALSE,0,1-1,2,FALSE,2,0-0,1,FALSE,3,2-0,1,FALSE,2,2,1,3,0,4,0,1,0,4,1,1,1,2,0,3,1,2,0,1,1,4,1,3,1,3,0,2,1,1,1,4,1,3,0,2,0,1,1,4,0,2,0,4,0,3,1,1,1,1,1,2,0,4,0,3,1,2,0,1,0,3,0,4,1,4,1,3,1,1,0,2,0,3,0,1,0,2,0,4,0,2,0,4,1,1,0,3,0,1,1,2,0,4,0,3,0,Inglaterra,6,Argentina,0,Holanda,6,ArabiaSaudi,0,Australia,6,NuevaZelanda,6,Japon,6,CaboVerde,0,Senegal,0,Argelia,6,Austria,6,USA,0,Paraguay,0,Irlanda,0,Turquia,0,Alemania,6,Italia,6,Egipto,0,Colombia,6,CostaMarfil,6,Curazao,0,Suecia,6,Brasil,6,Jamaica,6,Panama,6,Suiza,0,Marruecos,6,Uzbekistan,0,Belgica,0,Francia,0,Espana,6,Canada,0,Panama,0,Jamaica,0,Australia,10,Uruguay,0,CostaMarfil,0,Francia,0,Irlanda,10,Italia,0,Uzbekistan,0,Argentina,0,Marruecos,0,Mexico,0,Jordania,10,Portugal,10,Corea,0,Tunez,10,Croacia,0,Iran,15,Francia,15,Ecuador,0,Bolivia,0,Ghana,0,Turquia,0,Australia,0,Austria,0,Uzbekistan,,Jamaica,,Suiza,0,Inglaterra,,Panama,,Mexico,,Mexico,,Austria,,Foden,,Vinicius,,Maignan,0,Pedri,0,Rodri,,Olmo,0,Marruecos,0,Alemania,10,12,,Lamine Yamal,
Nerea Prieto,291,135,156,0,1-1,1,FALSE,0,3-1,1,TRUE,0,2-1,X,FALSE,3,0-0,X,FALSE,3,1-1,X,FALSE,2,0-0,X,FALSE,2,1-0,2,FALSE,3,0-0,X,FALSE,3,1-1,X,FALSE,0,0-1,1,TRUE,0,0-1,1,FALSE,2,2-1,X,FALSE,2,2-2,2,FALSE,0,2-1,2,FALSE,0,2-1,X,FALSE,0,2-0,X,TRUE,6,2-2,X,FALSE,0,2-1,2,FALSE,0,2-0,X,FALSE,0,2-1,X,FALSE,0,3-1,2,TRUE,6,0-1,X,FALSE,3,0-0,X,FALSE,3,2-1,X,FALSE,2,0-0,X,FALSE,3,1-0,X,TRUE,0,0-1,1,FALSE,2,3-1,1,FALSE,3,3-1,2,FALSE,2,2-1,1,FALSE,0,0-0,1,FALSE,0,2-1,X,TRUE,0,2-0,1,FALSE,3,1-1,1,FALSE,0,2-2,X,FALSE,3,2-2,2,FALSE,0,0-0,1,FALSE,0,2-0,2,FALSE,2,2-1,X,FALSE,3,1-1,X,FALSE,2,0-0,X,TRUE,4,1-1,1,FALSE,2,2-0,1,FALSE,2,0-0,2,FALSE,0,0-1,2,FALSE,3,3-1,2,FALSE,3,1-1,1,FALSE,2,2-0,1,TRUE,0,0-0,1,FALSE,2,2-1,X,FALSE,2,2-0,2,FALSE,2,2-0,X,FALSE,3,2-2,2,TRUE,0,2-1,X,FALSE,2,2-0,X,FALSE,0,0-0,X,FALSE,3,1-0,2,FALSE,3,0-1,X,FALSE,0,2-2,X,TRUE,0,2-2,1,FALSE,2,0-1,2,TRUE,0,1-0,2,FALSE,2,0-0,1,FALSE,0,3-1,2,FALSE,0,1-0,1,FALSE,3,2-0,X,FALSE,0,2-2,1,FALSE,0,2-1,X,FALSE,2,2-2,1,FALSE,0,0-0,1,TRUE,6,3-1,X,FALSE,3,2-1,1,FALSE,0,1,0,2,1,3,1,4,0,4,1,1,1,3,1,2,0,3,0,1,0,4,0,2,0,1,0,4,0,3,1,2,0,1,1,4,0,3,1,2,0,2,0,3,1,1,0,4,1,4,0,2,1,3,1,1,0,1,0,2,0,4,0,3,1,3,1,2,1,1,1,4,1,2,0,4,0,3,0,1,1,4,0,1,0,3,1,2,1,3,1,4,0,1,0,2,0,Portugal,0,Curazao,6,ArabiaSaudi,6,Senegal,6,Ghana,0,Qatar,0,Tunez,0,Canada,0,CaboVerde,0,NuevaZelanda,6,Colombia,0,Suiza,0,Brasil,6,Croacia,6,Belgica,0,Corea,0,Argentina,0,USA,6,Iran,0,Australia,0,Austria,0,Espana,0,Jamaica,6,Escocia,6,Marruecos,0,Irlanda,0,Mexico,0,Suecia,0,Uruguay,6,Francia,0,Japon,0,Panama,6,Noruega,0,Corea,0,Turquia,10,Escocia,10,Suiza,0,Tunez,0,Irlanda,0,Sudafrica,10,Haiti,0,Colombia,0,Portugal,0,Espana,10,CaboVerde,0,Jamaica,0,Iran,10,Inglaterra,10,Alemania,15,Uzbekistan,0,Australia,0,Iran,0,Canada,0,Curazao,0,Japon,15,Uruguay,0,Uzbekistan,0,Japon,,Holanda,,Argentina,,Corea,,Austria,,Escocia,,Tunez,,NuevaZelanda,,Mbappe,,Musiala,0,Unai Simon,,Rodri,0,Mbappe,0,Morata,,Marruecos,,Alemania,,42,0,Lamine Yamal,0
Gorka Santos,329,139,170,20,2-0,2,TRUE,4,2-1,1,FALSE,3,1-0,1,FALSE,0,0-0,1,FALSE,2,3-1,X,FALSE,0,3-1,1,FALSE,0,2-2,2,FALSE,0,2-2,X,FALSE,0,1-1,X,FALSE,3,0-1,2,FALSE,3,1-1,1,TRUE,4,2-1,X,FALSE,3,3-1,X,TRUE,4,1-0,2,FALSE,3,2-2,1,FALSE,3,0-0,2,FALSE,3,0-1,X,FALSE,2,0-0,1,FALSE,2,2-1,2,FALSE,3,3-1,2,FALSE,2,1-0,2,TRUE,4,0-1,X,FALSE,0,2-0,1,FALSE,0,2-0,X,FALSE,0,1-1,X,FALSE,0,1-0,2,FALSE,0,0-1,X,FALSE,0,0-0,X,FALSE,2,2-1,2,FALSE,0,3-1,X,TRUE,0,1-0,2,FALSE,3,1-1,1,FALSE,0,0-1,2,FALSE,3,1-0,2,TRUE,0,3-1,1,FALSE,0,0-0,1,FALSE,0,2-0,X,FALSE,0,3-1,X,TRUE,4,0-0,X,FALSE,2,0-0,X,FALSE,3,2-2,1,FALSE,3,0-1,1,FALSE,3,3-1,X,TRUE,0,1-0,X,FALSE,2,0-1,1,FALSE,2,2-1,2,FALSE,0,0-1,1,FALSE,0,2-2,1,FALSE,3,1-0,2,TRUE,6,0-0,X,FALSE,0,1-0,2,FALSE,3,1-0,X,FALSE,3,3-1,X,FALSE,0,2-2,2,FALSE,2,1-0,X,FALSE,0,3-1,X,FALSE,0,2-0,1,FALSE,2,0-0,2,FALSE,0,2-0,1,TRUE,4,0-0,1,FALSE,2,1-1,1,FALSE,0,0-0,2,FALSE,0,2-2,X,FALSE,3,0-0,1,FALSE,2,2-2,2,FALSE,3,0-0,2,TRUE,4,0-0,1,FALSE,2,1-1,2,FALSE,2,1-0,X,FALSE,0,2-2,2,FALSE,2,2-1,2,TRUE,0,2-2,1,FALSE,0,1,1,4,0,3,0,2,0,4,1,3,0,2,0,1,0,4,1,1,0,3,1,2,0,4,0,2,1,3,1,1,0,1,1,4,1,2,1,3,1,4,0,3,1,1,0,2,1,3,0,2,0,1,0,4,1,4,0,3,0,1,1,2,0,1,1,3,0,4,0,2,1,2,1,4,0,3,1,1,0,2,0,1,0,4,0,3,0,3,1,2,1,1,0,4,1,CostaMarfil,0,Croacia,0,Irlanda,0,Jordania,6,Italia,0,Marruecos,0,Holanda,6,Curazao,6,Jamaica,0,Qatar,6,Turquia,0,NuevaZelanda,0,Argelia,0,ArabiaSaudi,6,Corea,0,Suecia,0,Escocia,6,Senegal,6,Francia,0,Argentina,6,Japon,6,Noruega,6,Egipto,0,Suiza,6,CaboVerde,6,Portugal,0,Iran,6,Haiti,0,Austria,0,USA,6,Alemania,6,Uzbekistan,0,Ghana,0,CaboVerde,0,Alemania,0,Italia,0,Jordania,10,ArabiaSaudi,0,CostaMarfil,0,Australia,10,Uzbekistan,0,Canada,10,Panama,0,Suecia,0,Austria,10,USA,10,Portugal,0,Suiza,10,NuevaZelanda,0,Mexico,0,Suiza,0,Bolivia,0,Curazao,0,Holanda,0,Francia,0,Paraguay,0,Corea,0,Ghana,,Australia,20,Curazao,0,Belgica,,Brasil,,Uzbekistan,,Canada,,Austria,,Foden,,Lamine Yamal,0,Maignan,20,Vinicius,,Foden,,Morata,,Colombia,,Alemania,0,18,0,Lamine Yamal,
Olivia Vega,316,148,148,20,1-1,1,FALSE,2,3-1,X,FALSE,0,1-0,X,FALSE,3,0-0,X,TRUE,4,2-0,2,FALSE,2,3-1,1,FALSE,0,0-0,1,FALSE,2,0-0,X,FALSE,2,1-1,2,TRUE,4,2-0,1,FALSE,2,1-0,2,FALSE,3,3-1,2,FALSE,0,1-1,X,TRUE,0,2-2,X,FALSE,3,0-1,2,FALSE,0,3-1,X,FALSE,0,0-0,X,FALSE,3,0-0,1,FALSE,0,2-1,2,FALSE,2,0-1,2,FALSE,3,2-2,X,FALSE,3,1-0,X,TRUE,4,2-0,X,FALSE,2,2-1,1,FALSE,2,3-1,2,FALSE,2,2-0,2,TRUE,6,2-0,2,FALSE,3,2-2,1,FALSE,2,0-1,X,FALSE,0,2-0,2,FALSE,3,2-1,1,FALSE,3,2-2,X,FALSE,0,1-1,2,FALSE,0,2-0,X,FALSE,0,1-0,1,FALSE,3,1-0,2,TRUE,6,0-1,2,TRUE,0,0-1,1,FALSE,0,0-0,2,FALSE,0,3-1,X,FALSE,3,1-1,1,FALSE,3,2-0,X,FALSE,0,1-1,X,FALSE,2,3-1,2,FALSE,2,3-1,1,FALSE,3,1-1,1,FALSE,0,3-1,1,FALSE,0,2-0,1,TRUE,4,2-2,2,TRUE,0,2-1,2,FALSE,3,0-1,X,FALSE,0,2-0,X,FALSE,0,0-1,2,FALSE,2,3-1,2,FALSE,0,2-1,2,FALSE,2,0-0,2,FALSE,3,3-1,1,FALSE,0,1-0,1,TRUE,6,0-0,2,FALSE,3,2-2,1,FALSE,2,0-0,1,FALSE,2,0-1,X,TRUE,6,2-2,X,FALSE,0,2-2,X,FALSE,0,0-1,X,FALSE,0,1-1,X,FALSE,2,0-0,1,FALSE,0,3-1,X,FALSE,2,2-2,2,TRUE,6,2-0,2,FALSE,0,1-0,X,FALSE,2,2-0,X,FALSE,0,1,1,4,0,2,0,3,0,3,0,1,0,4,1,2,1,3,0,1,0,2,0,4,0,3,1,1,1,2,0,4,0,3,0,1,1,4,1,2,0,2,0,1,0,4,1,3,0,2,1,1,0,4,1,3,0,4,0,2,0,3,0,1,0,3,1,2,1,1,1,4,1,1,0,2,1,3,0,4,0,1,1,3,0,4,0,2,0,2,0,1,0,3,0,4,0,CaboVerde,0,Escocia,0,USA,0,CostaMarfil,6,Egipto,0,Ghana,0,Paraguay,6,Holanda,0,ArabiaSaudi,0,Francia,0,Senegal,6,Colombia,0,Tunez,0,Espana,6,Japon,6,Turquia,6,Argelia,0,Belgica,6,Irlanda,0,Suiza,6,Sudafrica,0,Canada,0,Argentina,6,Qatar,0,Bolivia,6,Jamaica,0,Iran,0,Ecuador,6,Uruguay,0,Austria,6,Panama,0,Inglaterra,6,ArabiaSaudi,10,Panama,0,Paraguay,0,Sudafrica,10,Marruecos,0,Turquia,0,Argentina,0,Escocia,0,Ecuador,0,Japon,0,Argelia,0,Corea,0,Holanda,0,USA,0,CostaMarfil,0,Croacia,0,Turquia,0,Noruega,0,Qatar,15,ArabiaSaudi,0,Uzbekistan,0,NuevaZelanda,15,CaboVerde,0,Escocia,0,Corea,0,Croacia,,Marruecos,20,Egipto,,Panama,,Inglaterra,,Canada,0,Ecuador,,ArabiaSaudi,,Rodri,0,Pedri,,Courtois,20,Vinicius,0,Bellingham,0,Olmo,0,Uruguay,,Belgica,,18,0,Nico Williams,
